datetime_utc,j_conds,j_dewptm,j_fog,j_hail,j_heatindexm,j_hum,j_precipm,j_pressurem,j_rain,j_snow,j_tempm,j_thunder,j_tornado,j_vism,j_wdird,j_wdire,j_wgustm,j_windchillm,j_wspdm,target_o_tempm
20151207-12:00,,15,0,0,,36,,1011,0,0,27,0,0,10,,,,,0.0,27
20151208-03:00,,9,0,0,,49,,1016,0,0,16,0,0,4,,,,,0.0,27
20151208-12:00,,14,0,0,,34,,1012,0,0,27,0,0,10,,,,,0.0,27
20151209-03:00,Clear,10,0,0,,55,,1016,0,0,17,0,0,4,,,,,0.0,29
20151209-12:00,,14,0,0,,33,,1011,0,0,27,0,0,10,,,,,0.0,29
20151210-03:00,,12,0,0,,60,,1016,0,0,18,0,0,4,,,,,0.0,29
20151210-12:00,,18,0,0,,39,,1008,0,0,29,0,0,10,,,,,0.0,29
20151211-03:00,,16,0,0,,73,,1012,0,0,19,0,0,10,,,,,0.0,27
20151211-12:00,,15,0,0,,32,,1008,0,0,29,0,0,10,,,,,0.0,27
20151212-03:00,,13,0,0,,66,,1013,0,0,18,0,0,4,,,,,0.0,29
20151212-12:00,,12,0,0,,29,,1008,0,0,27,0,0,10,,,,,0.0,29
20151213-03:00,,10,0,0,,43,,1014,0,0,19,0,0,4,,,,,0.0,28
20151213-12:00,,20,0,0,,49,,1008,0,0,29,0,0,10,,,,,0.0,28
20151214-03:00,,12,0,0,,51,,1014,0,0,20,0,0,4,,,,,0.0,28
20151214-12:00,,15,0,0,,34,,,0,0,28,0,0,10,,,,,0.0,28
20151215-03:00,,12,0,0,,62,,1016,0,0,18,0,0,4,,,,,0.0,29
20151215-12:00,,16,0,0,,36,,1010,0,0,28,0,0,10,,,,,0.0,29
20151216-03:00,,11,0,0,,56,,1015,0,0,18,0,0,4,,,,,0.0,28
20151216-12:00,,15,0,0,,31,,1008,0,0,29,0,0,10,,,,,0.0,28
20151217-03:00,,10,0,0,,54,,1016,0,0,17,0,0,4,,,,,0.0,26
20151217-12:00,,10,0,0,,22,,1012,0,0,28,0,0,10,,,,,0.0,26
20151218-03:00,,6,0,0,,44,,1018,0,0,15,0,0,4,,,,,0.0,28
20151218-12:00,,13,0,0,,34,,1012,0,0,26,0,0,10,,,,,0.0,28
20151219-03:00,,8,0,0,,60,,1019,0,0,14,0,0,4,,,,,0.0,29
20151219-12:00,,17,0,0,,39,,1012,0,0,28,0,0,10,,,,,0.0,29
20151220-03:00,,15,0,0,,78,,1017,0,0,18,0,0,4,,,,,0.0,28
20151220-12:00,,16,0,0,,35,,1011,0,0,29,0,0,10,,,,,0.0,28
20151221-03:00,,12,0,0,,63,,1015,0,0,17,0,0,4,,,,,0.0,26
20151221-12:00,,16,0,0,,38,,1011,0,0,28,0,0,10,,,,,0.0,26
20151222-03:00,,8,0,0,,58,,1017,0,0,14,0,0,4,,,,,0.0,25
20151222-12:00,,14,0,0,,36,,1012,0,0,26,0,0,10,,,,,0.0,25
20151223-03:00,Clear,8,0,0,,62,,1019,0,0,13,0,0,4,,,,,0.0,24
20151223-12:00,Clear,22,0,0,,76,,1014,0,0,25,0,0,10,,,,,0.0,24
20151224-03:00,,6,0,0,,55,,1020,0,0,12,0,0,4,,,,,0.0,13
20151224-12:00,Clear,20,0,0,,74,,1014,0,0,24,0,0,10,,,,,0.0,13
20151225-03:00,,3,0,0,,40,,1023,0,0,13,0,0,4,,,,,0.0,24
20151226-03:00,,5,0,0,,62,,1022,0,0,10,0,0,4,,,,,0.0,27
20151226-12:00,,13,0,0,,39,,1016,0,0,24,0,0,10,,,,,0.0,27
20151227-03:00,,4,0,0,,46,,1024,0,0,12,0,0,4,,,,,0.0,30
20151227-12:00,,5,0,0,,14,,1015,0,0,27,0,0,10,,,,,0.0,30
20151228-03:00,,7,0,0,,54,,1023,0,0,13,0,0,4,,,,,0.0,30
20151228-12:00,,14,0,0,,27,,1016,0,0,30,0,0,10,,,,,0.0,30
20151229-03:00,,6,0,0,,46,,1021,0,0,14,0,0,4,,,,,0.0,29
20151229-12:00,,16,0,0,,30,,1014,0,0,30,0,0,10,,,,,0.0,29
20151230-03:00,,8,0,0,,45,,1019,0,0,17,0,0,4,,,,,0.0,29
20151230-12:00,Clear,11,0,0,,22,,1012,0,0,29,0,0,10,,,,,0.0,29
20151231-03:00,,8,0,0,,53,,1020,0,0,16,0,0,4,,,,,0.0,30
20151231-12:00,Clear,15,0,0,,32,,1013,0,0,29,0,0,10,,,,,0.0,30
20160101-03:00,,10,0,0,,55,,1021,0,0,17,0,0,4,,,,,0.0,33
20160101-12:00,,11,0,0,,21,,1014,0,0,30,0,0,10,,,,,0.0,33
20160102-12:00,Clear,12,0,0,,19,,1012,0,0,33,0,0,10,,,,,0.0,15
20160103-03:00,,8,0,0,,56,,1020,0,0,15,0,0,4,,,,,0.0,28
20160104-03:00,,9,0,0,,63,,1020,0,0,14,0,0,4,,,,,0.0,28
20160104-12:00,,12,0,0,,26,,1013,0,0,28,0,0,10,,,,,0.0,28
20160105-12:00,,13,0,0,,30,,1011,0,0,28,0,0,10,,,,,0.0,29
20160106-03:00,Clear,9,0,0,,58,,1018,0,0,16,0,0,4,,,,,0.0,28
20160106-12:00,,12,0,0,,25,,1012,0,0,29,0,0,10,,,,,0.0,28
20160107-03:00,,11,0,0,,64,,1018,0,0,16,0,0,4,,,,,0.0,29
20160107-12:00,Clear,12,0,0,,26,,1013,0,0,28,0,0,10,,,,,0.0,29
20160108-03:00,,11,0,0,,66,,1020,0,0,16,0,0,4,,,,,0.0,28
20160108-12:00,,11,0,0,,23,,1012,0,0,29,0,0,10,,,,,0.0,28
20160109-03:00,,11,0,0,,66,,1020,0,0,16,0,0,4,,,,,0.0,26
20160109-12:00,,13,0,0,,29,,1011,0,0,28,0,0,10,,,,,0.0,26
20160110-03:00,Clear,7,0,0,,52,,1019,0,0,14,0,0,4,,,,,0.0,28
20160110-12:00,,16,0,0,,43,,1013,0,0,26,0,0,10,,,,,0.0,28
20160111-03:00,,9,0,0,,55,,1020,0,0,16,0,0,4,,,,,0.0,27
20160111-12:00,,11,0,0,,25,,1011,0,0,28,0,0,10,,,,,0.0,27
20160112-03:00,,9,0,0,,55,,1017,0,0,16,0,0,4,,,,,0.0,28
20160112-12:00,,11,0,0,,26,,1010,0,0,27,0,0,10,,,,,0.0,28
20160113-03:00,,10,0,0,,55,,1015,0,0,16,0,0,4,,,,,0.0,28
20160113-12:00,,16,0,0,,39,,1009,0,0,28,0,0,10,,,,,0.0,28
20160114-03:00,,9,0,0,,56,,1016,0,0,15,0,0,4,,,,,0.0,28
20160114-12:00,,14,0,0,,32,,1009,0,0,28,0,0,10,,,,,0.0,28
20160115-03:00,,10,0,0,,59,,1014,0,0,16,0,0,4,,,,,0.0,28
20160115-12:00,,17,0,0,,42,,1009,0,0,28,0,0,10,,,,,0.0,28
20160116-03:00,,11,0,0,,54,,1013,0,0,18,0,0,4,,,,,0.0,27
20160116-12:00,,15,0,0,,36,,1017,0,0,28,0,0,10,,,,,0.0,27
20160117-03:00,,12,0,0,,60,,1014,0,0,18,0,0,4,,,,,0.0,26
20160117-12:00,,13,0,0,,33,,1007,0,0,27,0,0,10,,,,,0.0,26
20160118-03:00,,12,0,0,,66,,1013,0,0,17,0,0,4,,,,,0.0,25
20160118-12:00,,10,0,0,,27,,1011,0,0,26,0,0,10,,,,,0.0,25
20160119-03:00,,7,0,0,,50,,1014,0,0,15,0,0,4,,,,,0.0,23
20160119-12:00,,4,0,0,,17,,1010,0,0,25,0,0,10,,,,,0.0,23
20160120-03:00,,6,0,0,,52,,1018,0,0,13,0,0,4,,,,,0.0,23
20160120-12:00,Clear,4,0,0,,18,,1012,0,0,23,0,0,10,,,,,0.0,23
20160121-03:00,,4,0,0,,47,,1021,0,0,12,0,0,4,,,,,0.0,25
20160121-12:00,,8,0,0,,25,,1014,0,0,23,0,0,10,,,,,0.0,25
20160122-03:00,,3,0,0,,52,,1020,0,0,10,0,0,4,,,,,0.0,26
20160122-12:00,,14,0,0,,41,,1013,0,0,25,0,0,10,,,,,0.0,26
20160123-03:00,,7,0,0,,70,,1021,0,0,11,0,0,4,,,,,0.0,27
20160123-12:00,,16,0,0,,43,,1013,0,0,26,0,0,10,,,,,0.0,27
20160124-03:00,,4,0,0,,45,,1020,0,0,13,0,0,4,,,,,0.0,28
20160124-12:00,,15,0,0,,37,,1013,0,0,27,0,0,10,,,,,0.0,28
20160125-03:00,,6,0,0,,42,,1017,0,0,15,0,0,4,,,,,0.0,30
20160125-12:00,,8,0,0,,18,,1009,0,0,28,0,0,10,,,,,0.0,30
20160126-03:00,,4,0,0,,45,,1016,0,0,13,0,0,4,,,,,0.0,29
20160126-12:00,,9,0,0,,17,,1007,0,0,30,0,0,10,,,,,0.0,29
20160127-03:00,,7,0,0,,59,,1018,0,0,13,0,0,4,,,,,0.0,30
20160127-12:00,,6,0,0,,14,,1010,0,0,29,0,0,10,,,,,0.0,30
20160128-03:00,,7,0,0,,49,,1023,0,0,15,0,0,4,,,,,0.0,30
20160128-12:00,,10,0,0,,19,,1011,0,0,30,0,0,10,,,,,0.0,30
20160129-03:00,,9,0,0,,51,,1019,0,0,16,0,0,4,,,,,0.0,33
20160129-12:00,,11,0,0,,22,,1013,0,0,30,0,0,10,,,,,0.0,33
20160130-03:00,,9,0,0,,47,,1019,0,0,18,0,0,4,,,,,0.0,30
20160130-12:00,,14,0,0,,22,,1009,0,0,33,0,0,10,,,,,0.0,30
20160131-03:00,,9,0,0,,49,,1018,0,0,17,0,0,4,,,,,0.0,31
20160131-12:00,Clear,9,0,0,,16,,1010,0,0,30,0,0,10,,,,,0.0,31
20160201-03:00,,9,0,0,,52,,1015,0,0,17,0,0,4,,,,,0.0,32
20160201-12:00,,10,0,0,,18,,1011,0,0,31,0,0,10,,,,,0.0,32
20160202-03:00,,9,0,0,,50,,1018,0,0,16,0,0,4,,,,,0.0,32
20160202-12:00,,6,0,0,,12,,1011,0,0,32,0,0,10,,,,,0.0,32
20160203-03:00,,8,0,0,,49,,1018,0,0,16,0,0,4,,,,,0.0,15
20160203-12:00,,6,0,0,,11,,1009,0,0,32,0,0,10,,,,,0.0,15
20160204-03:00,,6,0,0,,45,,1019,0,0,15,0,0,4,,,,,0.0,16
20160205-03:00,,6,0,0,,39,,1017,0,0,16,0,0,4,,,,,0.0,33
20160208-03:00,,9,0,0,,60,,1016,0,0,15,0,0,4,,,,,0.0,32
20160208-12:00,,9,0,0,,17,,1010,0,0,30,0,0,10,,,,,0.0,32
20160209-12:00,,14,0,0,,25,,1008,0,0,32,0,0,10,,,,,0.0,32
20160210-03:00,,11,0,0,,46,,1012,0,0,20,0,0,4,,,,,0.0,30
20160210-12:00,,13,0,0,,23,,1007,0,0,32,0,0,10,,,,,0.0,30
20160211-03:00,,6,0,0,,33,,1012,0,0,19,0,0,4,,,,,0.0,31
20160211-12:00,,16,0,0,,30,,1007,0,0,30,0,0,10,,,,,0.0,31
20160212-03:00,,7,0,0,,43,,1015,0,0,16,0,0,4,,,,,0.0,29
20160212-12:00,,10,0,0,,18,,1007,0,0,31,0,0,10,,,,,0.0,29
20160213-03:00,,9,0,0,,58,,1016,0,0,16,0,0,4,,,,,0.0,31
20160213-12:00,,8,0,0,,19,,1014,0,0,29,0,0,10,,,,,0.0,31
20160214-03:00,,8,0,0,,45,,1015,0,0,17,0,0,4,,,,,0.0,18
20160214-12:00,,10,0,0,,18,,1008,0,0,31,0,0,10,,,,,0.0,18
20160215-12:00,,9,0,0,,48,,1015,0,0,18,0,0,4,,,,,0.0,33
20160216-03:00,,9,0,0,,39,,1016,0,0,19,0,0,4,,,,,0.0,34
20160216-12:00,,16,0,0,,26,,1008,0,0,33,0,0,10,,,,,0.0,34
20160217-03:00,,14,0,0,,55,,1015,0,0,21,0,0,4,,,,,0.0,34
20160217-12:00,,21,0,0,,38,,1009,0,0,34,0,0,10,,,,,0.0,34
20160218-03:00,,9,0,0,,35,,1015,0,0,20,0,0,4,,,,,0.0,34
20160218-12:00,,23,0,0,,41,,1007,0,0,34,0,0,10,,,,,0.0,34
20160219-03:00,,14,0,0,,49,,1016,0,0,22,0,0,4,,,,,0.0,35
20160219-12:00,Clear,23,0,0,,45,,1010,0,0,34,0,0,10,,,,,0.0,35
20160220-03:00,Clear,16,0,0,,55,,1016,0,0,23,0,0,4,,,,,0.0,34
20160220-12:00,,18,0,0,,26,,1009,0,0,35,0,0,10,,,,,0.0,34
20160221-03:00,,16,0,0,,53,,1015,0,0,23,0,0,4,,,,,0.0,35
20160221-12:00,,23,0,0,,45,,1008,0,0,34,0,0,10,,,,,0.0,35
20160222-03:00,,9,0,0,,41,,1017,0,0,19,0,0,4,,,,,0.0,34
20160222-12:00,,22,0,0,,38,,1009,0,0,35,0,0,10,,,,,0.0,34
20160223-03:00,,10,0,0,,43,,1015,0,0,20,0,0,4,,,,,0.0,34
20160223-12:00,,23,0,0,,43,,1007,0,0,34,0,0,10,,,,,0.0,34
20160224-03:00,,9,0,0,,47,,1012,0,0,17,0,0,4,,,,,0.0,33
20160224-12:00,,16,0,0,,26,,1007,0,0,34,0,0,10,,,,,0.0,33
20160225-03:00,Clear,10,0,0,,45,,1014,0,0,20,0,0,4,,,,,0.0,34
20160225-12:00,,20,0,0,,37,,1009,0,0,33,0,0,10,,,,,0.0,34
20160226-03:00,,12,0,0,,52,,1016,0,0,19,0,0,4,,,,,0.0,35
20160226-12:00,Clear,16,0,0,,23,,1009,0,0,34,0,0,10,,,,,0.0,35
20160227-03:00,,13,0,0,,49,,1016,0,0,21,0,0,4,,,,,0.0,36
20160227-12:00,,25,0,0,,47,,1009,0,0,35,0,0,10,,,,,0.0,36
20160228-03:00,,13,0,0,,43,,1016,0,0,23,0,0,4,,,,,0.0,30
20160228-12:00,,24,0,0,,41,,1010,0,0,36,0,0,10,,,,,0.0,30
20160229-03:00,,16,0,0,,49,,1016,0,0,25,0,0,4,,,,,0.0,31
20160229-12:00,,19,0,0,,44,,1009,0,0,30,0,0,10,,,,,0.0,31
20160301-03:00,,18,0,0,,63,,1014,0,0,23,0,0,4,,,,,0.0,34
20160301-12:00,,18,0,0,,36,,1007,0,0,31,0,0,10,,,,,0.0,34
20160302-03:00,,19,0,0,,71,,1010,0,0,23,0,0,4,,,,,0.0,32
20160302-12:00,,19,0,0,,29,,1010,0,0,34,0,0,10,,,,,0.0,32
20160303-03:00,,16,0,0,,61,,1016,0,0,22,0,0,4,,,,,0.0,34
20160303-12:00,,19,0,0,,38,,1012,0,0,32,0,0,10,,,,,0.0,34
20160304-03:00,,15,0,0,,47,,1017,0,0,24,0,0,4,,,,,0.0,35
20160304-12:00,,26,0,0,,60,,1010,0,0,34,0,0,10,,,,,0.0,35
20160305-03:00,Clear,15,0,0,,53,,1013,0,0,23,0,0,4,,,,,0.0,34
20160305-12:00,,25,0,0,,46,,1006,0,0,35,0,0,10,,,,,0.0,34
20160306-03:00,,12,0,0,,44,,1014,0,0,21,0,0,4,,,,,0.0,34
20160306-12:00,,25,0,0,,51,,1005,0,0,34,0,0,10,,,,,0.0,34
20160307-03:00,,13,0,0,,52,,1013,0,0,21,0,0,4,,,,,0.0,34
20160307-12:00,,21,0,0,,36,,1006,0,0,34,0,0,10,,,,,0.0,34
20160308-03:00,,13,0,0,,52,,1012,0,0,20,0,0,4,,,,,0.0,35
20160308-12:00,,11,0,0,,16,,1005,0,0,34,0,0,10,,,,,0.0,35
20160309-03:00,,11,0,0,,34,,1012,0,0,23,0,0,4,,,,,0.0,36
20160309-12:00,,17,0,0,,25,,1006,0,0,35,0,0,10,,,,,0.0,36
20160310-03:00,,10,0,0,,38,,1014,0,0,21,0,0,4,,,,,0.0,38
20160310-12:00,,15,0,0,,20,,1006,0,0,36,0,0,10,,,,,0.0,38
20160311-03:00,,10,0,0,,32,,1013,0,0,24,0,0,4,,,,,0.0,35
20160311-12:00,,12,0,0,,14,,1005,0,0,38,0,0,10,,,,,0.0,35
20160312-03:00,,13,0,0,,34,,1008,0,0,26,0,0,4,,,,,0.0,32
20160312-12:00,,13,0,0,,18,,1004,0,0,35,0,0,10,,,,,0.0,32
20160313-03:00,,13,0,0,,40,,1012,0,0,23,0,0,4,,,,,0.0,36
20160313-12:00,,10,0,0,,17,,1006,0,0,32,0,0,10,,,,,0.0,36
20160314-03:00,,12,0,0,,46,,1013,0,0,22,0,0,4,,,,,0.0,33
20160314-12:00,,20,0,0,,28,,1006,0,0,36,0,0,10,,,,,0.0,33
20160315-03:00,,12,0,0,,41,,1013,0,0,23,0,0,4,,,,,0.0,35
20160315-12:00,,14,0,0,,21,,1007,0,0,33,0,0,10,,,,,0.0,35
20160316-03:00,,9,0,0,,34,,1013,0,0,22,0,0,4,,,,,0.0,36
20160316-12:00,,10,0,0,,14,,1007,0,0,35,0,0,10,,,,,0.0,36
20160317-03:00,,12,0,0,,34,,1012,0,0,25,0,0,4,,,,,0.0,36
20160317-12:00,,22,0,0,,34,,1005,0,0,36,0,0,10,,,,,0.0,36
20160318-03:00,,13,0,0,,37,,1005,0,0,25,0,0,4,,,,,0.0,35
20160318-12:00,,19,0,0,,28,,1004,0,0,36,0,0,10,,,,,0.0,35
20160319-03:00,,14,0,0,,36,,1012,0,0,26,0,0,4,,,,,0.0,35
20160319-12:00,,22,0,0,,37,,1005,0,0,35,0,0,10,,,,,0.0,35
20160320-03:00,,16,0,0,,39,,1013,0,0,28,0,0,4,,,,,0.0,35
20160320-12:00,,15,0,0,,21,,1006,0,0,35,0,0,10,,,,,0.0,35
20160321-03:00,,8,0,0,,26,,1013,0,0,23,0,0,4,,,,,0.0,36
20160321-12:00,,24,0,0,,43,,1005,0,0,35,0,0,10,,,,,0.0,36
20160322-03:00,,12,0,0,,35,,1010,0,0,24,0,0,4,,,,,0.0,38
20160322-12:00,,20,0,0,,30,,1005,0,0,36,0,0,10,,,,,0.0,38
20160323-03:00,,7,0,0,,24,,1013,0,0,24,0,0,4,,,,,0.0,38
20160323-12:00,,19,0,0,,24,,1005,0,0,38,0,0,10,,,,,0.0,38
20160324-03:00,,8,0,0,,23,,1013,0,0,24,0,0,4,,,,,0.0,38
20160324-12:00,,22,0,0,,32,,1007,0,0,38,0,0,10,,,,,0.0,38
20160325-03:00,,8,0,0,,22,,1014,0,0,26,0,0,4,,,,,0.0,37
20160325-12:00,,26,0,0,,40,,1005,0,0,38,0,0,10,,,,,0.0,37
20160326-03:00,,15,0,0,,39,,1012,0,0,26,0,0,4,,,,,0.0,38
20160326-12:00,,24,0,0,,37,,1006,0,0,37,0,0,10,,,,,0.0,38
20160327-03:00,,11,0,0,,28,,1012,0,0,26,0,0,4,,,,,0.0,38
20160327-12:00,,16,0,0,,18,,1006,0,0,38,0,0,10,,,,,0.0,38
20160328-03:00,,9,0,0,,29,,1013,0,0,23,0,0,4,,,,,0.0,38
20160328-12:00,,20,0,0,,25,,1005,0,0,38,0,0,10,,,,,0.0,38
20160329-03:00,Clear,10,0,0,,29,,1012,0,0,24,0,0,4,,,,,0.0,38
20160329-12:00,,20,0,0,,25,,1005,0,0,38,0,0,10,,,,,0.0,38
20160330-03:00,,9,0,0,,24,,1013,0,0,25,0,0,4,,,,,0.0,38
20160330-12:00,Clear,19,0,0,,23,,1005,0,0,38,0,0,10,,,,,0.0,38
20160331-03:00,,11,0,0,,29,,1012,0,0,25,0,0,4,,,,,0.0,41
20160331-12:00,,19,0,0,,24,,1005,0,0,38,0,0,10,,,,,0.0,41
20160401-03:00,,11,0,0,,29,,1010,0,0,26,0,0,4,,,,,0.0,39
20160401-12:00,,23,0,0,,26,,1002,0,0,41,0,0,10,,,,,0.0,39
20160402-03:00,,22,0,0,,80,,1012,0,0,24,0,0,4,,,,,0.0,40
20160402-12:00,,13,0,0,,13,,1004,0,0,39,0,0,10,,,,,0.0,40
20160403-03:00,,19,0,0,,47,,1011,0,0,28,0,0,4,,,,,0.0,38
20160403-12:00,,22,0,0,,27,,1005,0,0,40,0,0,10,,,,,0.0,38
20160404-03:00,,20,0,0,,50,,1010,0,0,29,0,0,4,,,,,0.0,34
20160404-12:00,,18,0,0,,21,,1003,0,0,38,0,0,10,,,,,0.0,34
20160405-03:00,,16,0,0,,35,,1010,0,0,29,0,0,4,,,,,0.0,37
20160405-12:00,Clear,19,0,0,,30,,1004,0,0,34,0,0,10,,,,,0.0,37
20160406-03:00,,14,0,0,,33,,1010,0,0,27,0,0,4,,,,,0.0,38
20160406-12:00,,18,0,0,,24,,1005,0,0,37,0,0,10,,,,,0.0,38
20160407-03:00,,15,0,0,,38,,1011,0,0,26,0,0,4,,,,,0.0,38
20160407-12:00,Clear,23,0,0,,34,,1005,0,0,38,0,0,10,,,,,0.0,38
20160408-03:00,,15,0,0,,41,,1011,0,0,26,0,0,4,,,,,0.0,38
20160408-12:00,,19,0,0,,25,,1004,0,0,38,0,0,10,,,,,0.0,38
20160409-03:00,,11,0,0,,25,,1011,0,0,28,0,0,4,,,,,0.0,37
20160409-12:00,,17,0,0,,20,,1003,0,0,38,0,0,10,,,,,0.0,37
20160410-03:00,,12,0,0,,25,,1010,0,0,29,0,0,4,,,,,0.0,36
20160410-12:00,,18,0,0,,23,,1004,0,0,37,0,0,10,,,,,0.0,36
20160411-03:00,,13,0,0,,22,,1010,0,0,31,0,0,4,,,,,0.0,38
20160411-12:00,,16,0,0,,19,,1004,0,0,36,0,0,10,,,,,0.0,38
20160412-03:00,,11,0,0,,20,,1010,0,0,31,0,0,4,,,,,0.0,39
20160412-12:00,Clear,17,0,0,,21,,1002,0,0,38,0,0,10,,,,,0.0,39
20160413-03:00,,12,0,0,,26,,1009,0,0,28,0,0,4,,,,,0.0,42
20160413-12:00,,18,0,0,,22,,1002,0,0,39,0,0,10,,,,,0.0,42
20160414-03:00,,13,0,0,,30,,1010,0,0,28,0,0,4,,,,,0.0,41
20160414-12:00,,19,0,0,,18,,1002,0,0,42,0,0,10,,,,,0.0,41
20160415-03:00,,14,0,0,,27,,1009,0,0,30,0,0,4,,,,,0.0,39
20160415-12:00,,24,0,0,,28,,1002,0,0,41,0,0,10,,,,,0.0,39
20160416-03:00,,11,0,0,,22,,1008,0,0,29,0,0,4,,,,,0.0,38
20160416-12:00,,16,0,0,,17,,1002,0,0,39,0,0,10,,,,,0.0,38
20160417-03:00,,14,0,0,,30,,1008,0,0,29,0,0,4,,,,,0.0,38
20160417-12:00,,18,0,0,,21,,1002,0,0,38,0,0,10,,,,,0.0,38
20160418-03:00,,15,0,0,,29,,1009,0,0,31,0,0,4,,,,,0.0,40
20160418-12:00,,16,0,0,,18,,1003,0,0,38,0,0,10,,,,,0.0,40
20160419-03:00,,16,0,0,,35,,1009,0,0,29,0,0,4,,,,,0.0,40
20160419-12:00,,15,0,0,,15,,1002,0,0,40,0,0,10,,,,,0.0,40
20160420-03:00,,14,0,0,,19,,1008,0,0,35,0,0,4,,,,,0.0,40
20160420-12:00,Clear,21,0,0,,24,,1003,0,0,40,0,0,10,,,,,0.0,40
20160421-03:00,,13,0,0,,23,,1008,0,0,31,0,0,4,,,,,0.0,37
20160421-12:00,,18,0,0,,18,,1002,0,0,40,0,0,10,,,,,0.0,37
20160422-03:00,,6,0,0,,13,,1009,0,0,30,0,0,4,,,,,0.0,37
20160422-12:00,,8,0,0,,9,,1002,0,0,37,0,0,10,,,,,0.0,37
20160423-03:00,,18,0,0,,46,,1010,0,0,27,0,0,4,,,,,0.0,38
20160423-12:00,,15,0,0,,18,,1002,0,0,37,0,0,10,,,,,0.0,38
20160424-03:00,,14,0,0,,31,,1009,0,0,28,0,0,4,,,,,0.0,39
20160424-12:00,,17,0,0,,20,,1002,0,0,38,0,0,10,,,,,0.0,39
20160425-03:00,,16,0,0,,39,,1010,0,0,27,0,0,4,,,,,0.0,40
20160425-12:00,,18,0,0,,20,,1002,0,0,39,0,0,10,,,,,0.0,40
20160426-03:00,,15,0,0,,32,,1009,0,0,29,0,0,4,,,,,0.0,39
20160426-12:00,,15,0,0,,15,,1002,0,0,40,0,0,10,,,,,0.0,39
20160427-03:00,,8,0,0,,15,,1009,0,0,31,0,0,4,,,,,0.0,42
20160427-12:00,,10,0,0,,10,,1002,0,0,39,0,0,10,,,,,0.0,42
20160428-03:00,,11,0,0,,21,,1009,0,0,30,0,0,4,,,,,0.0,41
20160428-12:00,,13,0,0,,11,,1001,0,0,42,0,0,10,,,,,0.0,41
20160429-03:00,Clear,9,0,0,,15,,1008,0,0,32,0,0,4,,,,,0.0,41
20160429-12:00,,17,0,0,,17,,1002,0,0,41,0,0,10,,,,,0.0,41
20160430-03:00,,8,0,0,,14,,1008,0,0,31,0,0,4,,,,,0.0,40
20160430-12:00,,17,0,0,,16,,1001,0,0,41,0,0,10,,,,,0.0,40
20160501-03:00,,10,0,0,,17,,1008,0,0,31,0,0,4,,,,,0.0,39
20160501-12:00,Clear,12,0,0,,12,,1002,0,0,40,0,0,10,,,,,0.0,39
20160502-03:00,,15,0,0,,31,,1007,0,0,30,0,0,4,,,,,0.0,40
20160502-12:00,,6,0,0,,7,,1003,0,0,39,0,0,10,,,,,0.0,40
20160503-03:00,,13,0,0,,22,,1008,0,0,31,0,0,4,,,,,0.0,39
20160503-12:00,,10,0,0,,9,,1002,0,0,40,0,0,10,,,,,0.0,39
20160504-03:00,,8,0,0,,15,,1007,0,0,31,0,0,4,,,,,0.0,33
20160504-12:00,,10,0,0,,10,,1001,0,0,39,0,0,10,,,,,0.0,33
20160505-03:00,,16,0,0,,32,,1009,0,0,30,0,0,4,,,,,0.0,30
20160505-12:00,,17,0,0,,27,,1004,0,0,33,0,0,10,,,,,0.0,30
20160506-03:00,,16,0,0,,39,,1010,0,0,27,0,0,4,,,,,0.0,36
20160506-12:00,Overcast,14,0,0,,28,,1007,0,0,30,0,0,10,,,,,0.0,36
20160507-03:00,,20,0,0,,59,,1009,0,0,27,0,0,4,,,,,0.0,34
20160507-12:00,,22,0,0,,34,,1002,0,0,36,0,0,10,,,,,0.0,34
20160508-03:00,,14,0,0,,28,,1009,0,0,30,0,0,4,,,,,0.0,38
20160508-12:00,,17,0,0,,27,,1004,0,0,34,0,0,10,,,,,0.0,38
20160509-03:00,,18,0,0,,45,,1009,0,0,28,0,0,4,,,,,0.0,38
20160509-12:00,,15,0,0,,16,,1002,0,0,38,0,0,10,,,,,0.0,38
20160510-03:00,,17,0,0,,38,,1009,0,0,29,0,0,4,,,,,0.0,33
20160510-12:00,Clear,16,0,0,,18,,1012,0,0,38,0,0,10,,,,,0.0,33
20160511-03:00,,13,0,0,,22,,1008,0,0,31,0,0,4,,,,,0.0,29
20160511-12:00,,19,0,0,,34,,1003,0,0,33,0,0,10,,,,,0.0,29
20160512-03:00,,16,0,0,,28,,1007,0,0,31,0,0,4,,,,,0.0,39
20160512-12:00,Overcast,21,0,0,,52,,1000,0,0,29,0,0,10,,,,,0.0,39
20160513-03:00,,15,0,0,,30,,1006,0,0,29,0,0,4,,,,,0.0,40
20160513-12:00,,14,0,0,,14,,,0,0,39,0,0,10,,,,,0.0,40
20160514-03:00,Clear,16,0,0,,27,,1006,0,0,33,0,0,4,,,,,0.0,41
20160514-12:00,,14,0,0,,15,,1002,0,0,40,0,0,10,,,,,0.0,41
20160515-03:00,,13,0,0,,19,,1006,0,0,33,0,0,4,,,,,0.0,40
20160515-12:00,,19,0,0,,20,,1002,0,0,41,0,0,10,,,,,0.0,40
20160516-03:00,,14,0,0,,24,,1005,0,0,32,0,0,4,,,,,0.0,41
20160516-12:00,,17,0,0,,18,,998,0,0,40,0,0,10,,,,,0.0,41
20160517-03:00,Clear,15,0,0,,26,,1003,0,0,32,0,0,4,,,,,0.0,42
20160517-12:00,Partly Cloudy,28,0,0,,39,,997,0,0,41,0,0,4,340,NNW,,,3.7,42
20160518-03:00,,17,0,0,,25,,1001,0,0,34,0,0,4,,,,,0.0,43
20160518-12:00,,16,0,0,,14,,994,0,0,42,0,0,10,,,,,0.0,43
20160519-03:00,,18,0,0,,26,,1001,0,0,35,0,0,4,,,,,0.0,40
20160519-12:00,Clear,15,0,0,,12,,994,0,0,43,0,0,10,,,,,0.0,40
20160520-03:00,Clear,21,0,0,,46,,1001,0,0,31,0,0,4,,,,,0.0,39
20160520-12:00,,18,0,0,,20,,994,0,0,40,0,0,10,,,,,0.0,39
20160521-03:00,,18,0,0,,37,,1004,0,0,31,0,0,4,,,,,0.0,39
20160521-12:00,,19,0,0,,21,,999,0,0,39,0,0,10,,,,,0.0,39
20160522-03:00,Clear,19,0,0,,41,,1006,0,0,31,0,0,4,,,,,0.0,38
20160522-12:00,,17,0,0,,19,,1000,0,0,39,0,0,10,,,,,0.0,38
20160523-03:00,,20,0,0,,44,,1007,0,0,30,0,0,4,,,,,0.0,39
20160523-12:00,,16,0,0,,18,,1002,0,0,38,0,0,10,,,,,0.0,39
20160524-03:00,,21,0,0,,57,,1007,0,0,29,0,0,4,,,,,0.0,38
20160524-12:00,,19,0,0,,21,,1001,0,0,39,0,0,10,,,,,0.0,38
20160525-03:00,,18,0,0,,38,,1007,0,0,31,0,0,4,,,,,0.0,40
20160525-12:00,,19,0,0,,23,,,0,0,38,0,0,10,,,,,0.0,40
20160526-03:00,,20,0,0,,43,,1007,0,0,31,0,0,4,,,,,0.0,38
20160526-12:00,,19,0,0,,20,,1000,0,0,40,0,0,10,,,,,0.0,38
20160527-12:00,,23,0,0,,34,,1002,0,0,38,0,0,10,,,,,0.0,37
20160528-03:00,,20,0,0,,42,,1008,0,0,31,0,0,4,,,,,0.0,35
20160528-12:00,Clear,19,0,0,,25,,1002,0,0,37,0,0,10,,,,,0.0,35
20160529-03:00,,20,0,0,,45,,1007,0,0,30,0,0,4,,,,,0.0,39
20160529-12:00,,21,0,0,,33,,1002,0,0,35,0,0,10,,,,,0.0,39
20160530-03:00,,20,0,0,,45,,1006,0,0,30,0,0,4,,,,,0.0,39
20160530-12:00,,18,0,0,,19,,999,0,0,39,0,0,10,,,,,0.0,39
20160531-03:00,,19,0,0,,39,,1007,0,0,31,0,0,4,,,,,0.0,40
20160531-12:00,,18,0,0,,22,,,0,0,39,0,0,10,,,,,0.0,40
20160601-03:00,,19,0,0,,38,,1007,0,0,31,0,0,4,,,,,0.0,39
20160601-12:00,,18,0,0,,18,,1000,0,0,40,0,0,10,,,,,0.0,39
20160602-12:00,,19,0,0,,21,,1000,0,0,39,0,0,10,,,,,0.0,39
20160603-03:00,,20,0,0,,42,,1005,0,0,31,0,0,4,,,,,0.0,40
20160603-12:00,,20,0,0,,23,,1000,0,0,39,0,0,10,,,,,0.0,40
20160604-03:00,,19,0,0,,43,,1006,0,0,30,0,0,4,,,,,0.0,40
20160604-12:00,,18,0,0,,21,,1000,0,0,40,0,0,10,,,,,0.0,40
20160605-03:00,,20,0,0,,44,,1006,0,0,30,0,0,4,,,,,0.0,38
20160605-12:00,,19,0,0,,20,,998,0,0,40,0,0,10,,,,,0.0,38
20160606-03:00,,21,0,0,,44,,1004,0,0,31,0,0,4,,,,,0.0,40
20160606-12:00,,20,0,0,,26,,998,0,0,38,0,0,10,,,,,0.0,40
20160607-03:00,,21,0,0,,44,,1004,0,0,31,0,0,4,,,,,0.0,40
20160607-12:00,,18,0,0,,19,,997,0,0,40,0,0,10,,,,,0.0,40
20160608-03:00,,20,0,0,,47,,1004,0,0,30,0,0,4,,,,,0.0,31
20160608-12:00,,18,0,0,,19,,996,0,0,40,0,0,10,,,,,0.0,31
20160609-03:00,,20,0,0,,43,,1004,0,0,31,0,0,4,,,,,0.0,35
20160610-03:00,Clear,21,0,0,,49,,1004,0,0,30,0,0,4,,,,,0.0,38
20160610-12:00,,20,0,0,,32,,998,0,0,35,0,0,10,,,,,0.0,38
20160611-03:00,,21,0,0,,47,,1004,0,0,31,0,0,4,,,,,0.0,38
20160611-12:00,,19,0,0,,24,,998,0,0,38,0,0,10,,,,,0.0,38
20160612-03:00,,21,0,0,,42,,1004,0,0,31,0,0,4,,,,,0.0,31
20160612-12:00,,19,0,0,,24,,998,0,0,38,0,0,10,,,,,0.0,31
20160613-03:00,,21,0,0,,45,,1004,0,0,31,0,0,4,,,,,0.0,37
20160614-03:00,Clear,20,0,0,,46,,1005,0,0,30,0,0,4,,,,,0.0,36
20160614-12:00,,19,0,0,,26,,999,0,0,37,0,0,10,,,,,0.0,36
20160615-03:00,,21,0,0,,46,,1003,0,0,31,0,0,4,,,,,0.0,35
20160615-12:00,Clear,19,0,0,,27,,998,0,0,36,0,0,10,,,,,0.0,35
20160616-03:00,,20,0,0,,44,,1003,0,0,30,0,0,4,,,,,0.0,30
20160616-12:00,,20,0,0,,33,,999,0,0,35,0,0,10,,,,,0.0,30
20160617-03:00,,20,0,0,,46,,1003,0,0,30,0,0,4,,,,,0.0,33
20160618-03:00,Clear,21,0,0,,49,,1003,0,0,30,0,0,4,,,,,0.0,32
20160618-12:00,,21,0,0,,39,,999,0,0,33,0,0,10,,,,,0.0,32
20160619-03:00,,21,0,0,,58,,1002,0,0,29,0,0,16,,,,,0.0,28
20160619-12:00,,20,0,0,,42,,999,0,0,32,0,0,10,,,,,0.0,28
20160620-03:00,Mostly Cloudy,20,0,0,,59,,1000,0,0,27,0,0,4,,,,,0.0,25
20160620-12:00,Mostly Cloudy,23,0,0,,70,,997,0,0,28,0,0,10,,,,,0.0,25
20160621-03:00,,21,0,0,,57,,1001,0,0,28,0,0,4,,,,,0.0,33
20160621-12:00,Mostly Cloudy,24,0,0,,91,,999,0,0,25,0,0,10,,,,,0.0,33
20160622-03:00,,22,0,0,,65,,1004,0,0,27,0,0,4,,,,,0.0,35
20160622-12:00,,21,0,0,,40,,998,0,0,33,0,0,10,,,,,0.0,35
20160623-03:00,,22,0,0,,66,,1004,0,0,28,0,0,4,,,,,0.0,35
20160623-12:00,,21,0,0,,34,,1000,0,0,35,0,0,10,,,,,0.0,35
20160624-03:00,,21,0,0,,54,,1003,0,0,29,0,0,4,,,,,0.0,34
20160624-12:00,,20,0,0,,31,,996,0,0,35,0,0,10,,,,,0.0,34
20160625-03:00,Clear,23,0,0,,81,,1005,0,0,26,0,0,4,,,,,0.0,28
20160625-12:00,,21,0,0,,36,,999,0,0,34,0,0,10,,,,,0.0,28
20160626-03:00,Clear,22,0,0,,61,,1004,0,0,28,0,0,4,,,,,0.0,34
20160627-03:00,,21,0,0,,57,,1002,0,0,28,0,0,4,,,,,0.0,31
20160627-12:00,,20,0,0,,34,,996,0,0,34,0,0,10,,,,,0.0,31
20160628-03:00,,22,0,0,,67,,1003,0,0,27,0,0,4,,,,,0.0,28
20160628-12:00,Clear,23,0,0,,53,,1007,0,0,31,0,0,10,,,,,0.0,28
20160629-03:00,Overcast,21,0,0,,66,,1002,0,0,27,0,0,4,,,,,0.0,30
20160629-12:00,Overcast,23,0,0,,67,,999,0,0,28,0,0,10,,,,,0.0,30
20160630-03:00,,22,0,0,,70,,1003,0,0,26,0,0,4,,,,,0.0,33
20160630-12:00,,22,0,0,,53,,999,0,0,30,0,0,10,,,,,0.0,33
20160701-03:00,,22,0,0,,59,,1000,0,0,28,0,0,4,,,,,0.0,29
20160701-12:00,,22,0,0,,45,,996,0,0,33,0,0,10,,,,,0.0,29
20160702-03:00,Clear,22,0,0,,58,,999,0,0,28,0,0,4,,,,,0.0,27
20160702-12:00,,23,0,0,,62,,997,0,0,29,0,0,10,,,,,0.0,27
20160703-03:00,,22,0,0,,64,,1000,0,0,28,0,0,4,,,,,0.0,26
20160703-12:00,Overcast,24,0,0,,77,,999,0,0,27,0,0,10,,,,,0.0,26
20160704-03:00,,23,0,0,,65,,1001,0,0,28,0,0,4,,,,,0.0,28
20160704-12:00,,24,0,0,,86,,999,0,0,26,0,0,10,,,,,0.0,28
20160705-03:00,Clear,23,0,0,,77,,1002,0,0,26,0,0,4,,,,,0.0,28
20160705-12:00,,23,0,0,,64,,999,0,0,28,0,0,10,,,,,0.0,28
20160706-03:00,,22,0,0,,67,,1002,0,0,26,0,0,4,,,,,0.0,31
20160706-12:00,,22,0,0,,59,,999,0,0,28,0,0,10,,,,,0.0,31
20160707-03:00,,22,0,0,,71,,1002,0,0,26,0,0,4,,,,,0.0,29
20160707-12:00,,21,0,0,,48,,999,0,0,31,0,0,10,,,,,0.0,29
20160708-03:00,,21,0,0,,62,,1002,0,0,27,0,0,4,,,,,0.0,28
20160708-12:00,,22,0,0,,55,,999,0,0,29,0,0,10,,,,,0.0,28
20160709-03:00,Clear,22,0,0,,80,,1000,0,0,25,0,0,4,,,,,0.0,28
20160709-12:00,,22,0,0,,63,,998,0,0,28,0,0,10,,,,,0.0,28
20160710-03:00,,22,0,0,,69,,1000,0,0,26,0,0,4,,,,,0.0,27
20160710-12:00,,22,0,0,,65,,998,0,0,28,0,0,10,,,,,0.0,27
20160711-03:00,Mostly Cloudy,23,0,0,,83,,1000,0,0,25,0,0,4,,,,,0.0,27
20160711-12:00,Clear,27,0,0,,100,,998,0,0,27,0,0,10,,,,,0.0,27
20160712-03:00,Clear,22,0,0,,79,,1002,0,0,25,0,0,4,,,,,0.0,31
20160712-12:00,,22,0,0,,71,,998,0,0,27,0,0,10,,,,,0.0,31
20160713-03:00,Clear,22,0,0,,75,,1001,0,0,26,0,0,4,,,,,0.0,30
20160713-12:00,,22,0,0,,50,,997,0,0,31,0,0,10,,,,,0.0,30
20160714-03:00,Clear,22,0,0,,72,,1001,0,0,26,0,0,4,,,,,0.0,29
20160714-12:00,,22,0,0,,55,,999,0,0,30,0,0,10,,,,,0.0,29
20160715-03:00,,22,0,0,,67,,1002,0,0,26,0,0,10,,,,,0.0,31
20160715-12:00,Mostly Cloudy,22,0,0,,56,,998,0,0,29,0,0,10,,,,,0.0,31
20160716-12:00,,22,0,0,,47,,999,0,0,31,0,0,10,,,,,0.0,29
20160717-03:00,Clear,22,0,0,,64,,1006,0,0,27,0,0,4,,,,,0.0,28
20160717-12:00,,22,0,0,,58,,1002,0,0,29,0,0,10,,,,,0.0,28
20160718-03:00,Clear,22,0,0,,66,,1006,0,0,27,0,0,4,,,,,0.0,26
20160718-12:00,Mostly Cloudy,22,0,0,,63,,1004,0,0,28,0,0,10,,,,,0.0,26
20160719-03:00,Clear,22,0,0,,79,,1006,0,0,25,0,0,4,,,,,0.0,28
20160719-12:00,Mostly Cloudy,23,0,0,,81,,1003,0,0,26,0,0,10,,,,,0.0,28
20160720-03:00,Clear,22,0,0,,77,,1007,0,0,25,0,0,4,,,,,0.0,28
20160720-12:00,Mostly Cloudy,22,0,0,,61,,1003,0,0,28,0,0,10,,,,,0.0,28
20160721-03:00,,22,0,0,,81,,1005,0,0,25,0,0,4,,,,,0.0,28
20160721-12:00,,22,0,0,,59,,1001,0,0,28,0,0,10,,,,,0.0,28
20160722-03:00,,22,0,0,,77,,1005,0,0,26,0,0,4,,,,,0.0,26
20160722-12:00,,22,0,0,,61,,1001,0,0,28,0,0,10,,,,,0.0,26
20160723-03:00,Clear,15,0,0,,40,,1004,0,0,26,0,0,4,,,,,0.0,27
20160723-12:00,Mostly Cloudy,23,0,0,,84,,1000,0,0,26,0,0,10,,,,,0.0,27
20160724-03:00,,22,0,0,,79,,1004,0,0,25,0,0,4,,,,,0.0,31
20160724-12:00,Mostly Cloudy,24,0,0,,76,,1000,0,0,27,0,0,10,,,,,0.0,31
20160725-03:00,Clear,22,0,0,,80,,1004,0,0,25,0,0,4,,,,,0.0,28
20160725-12:00,,22,0,0,,51,,1000,0,0,31,0,0,10,,,,,0.0,28
20160726-03:00,Mostly Cloudy,22,0,0,,83,,1005,0,0,24,0,0,4,,,,,0.0,26
20160726-12:00,,24,0,0,,73,,1000,0,0,28,0,0,10,,,,,0.0,26
20160727-12:00,Mostly Cloudy,22,0,0,,72,,1000,0,0,26,0,0,10,,,,,0.0,27
20160728-03:00,,22,0,0,,79,,1006,0,0,25,0,0,4,,,,,0.0,29
20160728-12:00,,23,0,0,,70,,1000,0,0,27,0,0,10,,,,,0.0,29
20160729-03:00,Mostly Cloudy,22,0,0,,77,,1006,0,0,25,0,0,4,,,,,0.0,27
20160729-12:00,,22,0,0,,58,,1000,0,0,29,0,0,10,,,,,0.0,27
20160730-03:00,Clear,22,0,0,,81,,1004,0,0,25,0,0,4,,,,,0.0,28
20160730-12:00,,23,0,0,,73,,1000,0,0,27,0,0,10,,,,,0.0,28
20160731-03:00,Clear,22,0,0,,76,,1005,0,0,25,0,0,4,,,,,0.0,27
20160731-12:00,,22,0,0,,65,,1000,0,0,28,0,0,10,,,,,0.0,27
20160801-03:00,,22,0,0,,75,,1004,0,0,26,0,0,4,,,,,0.0,25
20160801-12:00,Clear,23,0,0,,70,,1000,0,0,27,0,0,10,,,,,0.0,25
20160802-03:00,Mostly Cloudy,22,0,0,,88,,1000,0,0,24,0,0,4,,,,,0.0,27
20160802-12:00,Mostly Cloudy,22,0,0,,82,,998,0,0,25,0,0,10,,,,,0.0,27
20160803-03:00,Mostly Cloudy,22,0,0,,78,,1000,0,0,25,0,0,4,,,,,0.0,28
20160803-12:00,,22,0,0,,71,,998,0,0,27,0,0,10,,,,,0.0,28
20160804-03:00,Clear,22,0,0,,81,,1000,0,0,25,0,0,4,,,,,0.0,28
20160804-12:00,,22,0,0,,64,,998,0,0,28,0,0,10,,,,,0.0,28
20160805-03:00,,22,0,0,,77,,998,0,0,26,0,0,4,,,,,0.0,26
20160805-12:00,Overcast,24,0,0,,73,,999,0,0,28,0,0,10,,,,,0.0,26
20160806-03:00,Overcast,22,0,0,,80,,1002,0,0,25,0,0,4,,,,,0.0,27
20160806-12:00,Overcast,22,0,0,,74,,1001,0,0,26,0,0,10,,,,,0.0,27
20160807-03:00,Overcast,23,0,0,,86,,1004,0,0,24,0,0,4,,,,,0.0,28
20160807-12:00,Overcast,23,0,0,,70,,1000,0,0,27,0,0,10,,,,,0.0,28
20160808-03:00,,22,0,0,,84,,1005,0,0,25,0,0,4,,,,,0.0,25
20160808-12:00,,22,0,0,,59,,1002,0,0,28,0,0,10,,,,,0.0,25
20160809-03:00,Overcast,22,0,0,,81,,1004,0,0,25,0,0,4,,,,,0.0,27
20160810-03:00,Overcast,22,0,0,,85,,1004,0,0,24,0,0,4,,,,,0.0,29
20160810-12:00,,22,0,0,,64,,1002,0,0,27,0,0,10,,,,,0.0,29
20160811-03:00,,22,0,0,,79,,1006,0,0,25,0,0,4,,,,,0.0,29
20160811-12:00,,21,0,0,,58,,1004,0,0,29,0,0,10,,,,,0.0,29
20160812-03:00,,22,0,0,,78,,1007,0,0,25,0,0,4,,,,,0.0,28
20160812-12:00,,22,0,0,,54,,1004,0,0,29,0,0,10,,,,,0.0,28
20160813-03:00,,22,0,0,,75,,1005,0,0,26,0,0,4,,,,,0.0,28
20160813-12:00,,21,0,0,,60,,1003,0,0,28,0,0,10,,,,,0.0,28
20160814-03:00,,22,0,0,,76,,1006,0,0,25,0,0,4,,,,,0.0,29
20160814-12:00,,23,0,0,,65,,1002,0,0,28,0,0,10,,,,,0.0,29
20160815-03:00,,21,0,0,,74,,1006,0,0,25,0,0,4,,,,,0.0,29
20160815-12:00,,24,0,0,,69,,1001,0,0,29,0,0,10,,,,,0.0,29
20160816-03:00,Clear,22,0,0,,81,,1004,0,0,25,0,0,4,,,,,0.0,30
20160816-12:00,,22,0,0,,55,,1000,0,0,29,0,0,10,,,,,0.0,30
20160817-03:00,,22,0,0,,78,,1004,0,0,25,0,0,4,,,,,0.0,30
20160817-12:00,,23,0,0,,59,,1000,0,0,30,0,0,10,,,,,0.0,30
20160818-03:00,,22,0,0,,81,,1004,0,0,25,0,0,4,,,,,0.0,30
20160818-12:00,,23,0,0,,55,,1000,0,0,30,0,0,10,,,,,0.0,30
20160819-03:00,,22,0,0,,74,,1004,0,0,26,0,0,4,,,,,0.0,26
20160819-12:00,,22,0,0,,55,,1000,0,0,30,0,0,10,,,,,0.0,26
20160820-03:00,,20,0,0,,67,,1004,0,0,25,0,0,4,,,,,0.0,29
20160820-12:00,Mostly Cloudy,21,0,0,,64,,1001,0,0,26,0,0,10,,,,,0.0,29
20160821-03:00,Clear,21,0,0,,73,,1004,0,0,25,0,0,4,,,,,0.0,28
20160821-12:00,,21,0,0,,55,,1001,0,0,29,0,0,10,,,,,0.0,28
20160822-03:00,Mostly Cloudy,21,0,0,,75,,1006,0,0,25,0,0,4,,,,,0.0,28
20160822-12:00,,22,0,0,,61,,1002,0,0,28,0,0,10,,,,,0.0,28
20160823-03:00,,22,0,0,,69,,1005,0,0,26,0,0,4,,,,,,28
20160823-12:00,,22,0,0,,60,,1002,0,0,28,0,0,10,,,,,0.0,28
20160824-03:00,,22,0,0,,80,,1004,0,0,25,0,0,4,,,,,0.0,31
20160824-12:00,,22,0,0,,66,,1002,0,0,28,0,0,10,,,,,0.0,31
20160825-03:00,,21,0,0,,75,,1006,0,0,25,0,0,4,,,,,0.0,29
20160825-12:00,,22,0,0,,49,,1004,0,0,31,0,0,10,,,,,0.0,29
20160826-03:00,,22,0,0,,75,,1005,0,0,26,0,0,4,,,,,0.0,33
20160826-12:00,,23,0,0,,60,,1001,0,0,29,0,0,10,,,,,0.0,33
20160827-03:00,Mostly Cloudy,22,0,0,,81,,1005,0,0,25,0,0,4,,,,,0.0,31
20160827-12:00,Mostly Cloudy,23,0,0,,46,,1000,0,0,33,0,0,10,,,,,0.0,31
20160828-03:00,,23,0,0,,79,,1005,0,0,26,0,0,4,,,,,0.0,31
20160828-12:00,,22,0,0,,51,,,0,0,31,0,0,10,,,,,0.0,31
20160829-03:00,Clear,23,0,0,,76,,1005,0,0,26,0,0,4,,,,,0.0,30
20160829-12:00,,22,0,0,,50,,1001,0,0,31,0,0,10,,,,,0.0,30
20160830-03:00,Clear,22,0,0,,72,,1005,0,0,26,0,0,4,,,,,0.0,27
20160830-12:00,Mostly Cloudy,24,0,0,,65,,999,0,0,30,0,0,10,,,,,0.0,27
20160831-03:00,,22,0,0,,79,,1005,0,0,25,0,0,4,,,,,0.0,30
20160831-12:00,,24,0,0,,75,,999,0,0,27,0,0,10,,,,,0.0,30
20160901-12:00,Clear,22,0,0,,55,,1001,0,0,30,0,0,10,,,,,0.0,28
20160902-03:00,Clear,22,0,0,,80,,1005,0,0,25,0,0,4,,,,,0.0,30
20160902-12:00,,22,0,0,,63,,1002,0,0,28,0,0,10,,,,,0.0,30
20160903-03:00,,21,0,0,,76,,1006,0,0,25,0,0,4,,,,,,30
20160903-12:00,Clear,20,0,0,,47,,1002,0,0,30,0,0,10,,,,,0.0,30
20160904-03:00,,20,0,0,,72,,1008,0,0,24,0,0,4,,,,,0.0,30
20160904-12:00,,19,0,0,,44,,1004,0,0,30,0,0,10,,,,,0.0,30
20160905-03:00,,19,0,0,,63,,1009,0,0,25,0,0,4,,,,,0.0,31
20160905-12:00,,19,0,0,,43,,1004,0,0,30,0,0,10,,,,,0.0,31
20160906-03:00,,20,0,0,,69,,1009,0,0,24,0,0,4,,,,,0.0,26
20160906-12:00,,18,0,0,,38,,1006,0,0,31,0,0,10,,,,,0.0,26
20160907-03:00,,20,0,0,,66,,1009,0,0,25,0,0,4,,,,,0.0,27
20160907-12:00,Clear,20,0,0,,64,,1006,0,0,26,0,0,10,,,,,0.0,27
20160908-12:00,Clear,21,0,0,,64,,1008,0,0,27,0,0,10,,,,,0.0,24
20160909-03:00,Clear,20,0,0,,73,,1011,0,0,24,0,0,4,,,,,0.0,25
20160910-03:00,Overcast,21,0,0,,71,,1011,0,0,25,0,0,4,,,,,0.0,29
20160911-03:00,,20,0,0,,69,,1009,0,0,25,0,0,4,,,,,0.0,22
20160911-12:00,,21,0,0,,53,,1005,0,0,29,0,0,10,,,,,0.0,22
20160912-03:00,,20,0,0,,82,,1008,0,0,22,0,0,10,,,,,0.0,25
20160913-03:00,,20,0,0,,67,,1009,0,0,25,0,0,4,,,,,0.0,29
20160914-03:00,,22,0,0,,74,,1009,0,0,26,0,0,4,,,,,0.0,27
20160914-12:00,Mostly Cloudy,23,0,0,,60,,1004,0,0,29,0,0,10,,,,,0.0,27
20160917-03:00,Mostly Cloudy,22,0,0,,82,,1009,0,0,24,0,0,4,,,,,0.0,27
20160917-12:00,Clear,23,0,0,,67,,1001,0,0,28,0,0,10,,,,,0.0,27
20160918-03:00,Mostly Cloudy,23,0,0,,87,,1006,0,0,25,0,0,4,,,,,,28
20160918-12:00,,24,0,0,,77,,1001,0,0,27,0,0,10,,,,,,28
20160919-03:00,Mostly Cloudy,22,0,0,,81,,1007,0,0,25,0,0,4,,,,,0.0,28
20160919-12:00,,23,0,0,,67,,1002,0,0,28,0,0,10,,,,,0.0,28
20160920-03:00,,22,0,0,,81,,1007,0,0,25,0,0,4,,,,,0.0,30
20160920-12:00,,23,0,0,,69,,1002,0,0,28,0,0,10,,,,,0.0,30
20160921-03:00,,23,0,0,,83,,1007,0,0,25,0,0,4,,,,,0.0,30
20160921-12:00,,23,0,0,,57,,1002,0,0,30,0,0,10,,,,,0.0,30
20160922-03:00,Mostly Cloudy,24,0,0,,86,,1008,0,0,25,0,0,4,,,,,0.0,30
20160922-12:00,,23,0,0,,60,,1004,0,0,30,0,0,10,,,,,0.0,30
20160923-03:00,Clear,24,0,0,,85,,1005,0,0,26,0,0,4,,,,,0.0,29
20160923-12:00,Mostly Cloudy,23,0,0,,62,,1002,0,0,30,0,0,10,,,,,0.0,29
20160924-03:00,,23,0,0,,87,,1005,0,0,25,0,0,4,,,,,,28
20160924-12:00,Clear,23,0,0,,68,,1000,0,0,29,0,0,10,,,,,0.0,28
20160925-03:00,,21,0,0,,86,,1006,0,0,23,0,0,4,,,,,0.0,29
20160925-12:00,Clear,23,0,0,,64,,1002,0,0,28,0,0,10,,,,,0.0,29
20160926-03:00,,23,0,0,,81,,1006,0,0,26,0,0,4,,,,,0.0,31
20160926-12:00,,22,0,0,,56,,1004,0,0,29,0,0,10,,,,,,31
20160927-03:00,Clear,22,0,0,,74,,1009,0,0,26,0,0,4,,,,,0.0,30
20160927-12:00,,22,0,0,,50,,1004,0,0,31,0,0,10,,,,,0.0,30
20160928-03:00,,22,0,0,,73,,1008,0,0,26,0,0,4,,,,,0.0,30
20160928-12:00,,22,0,0,,49,,1004,0,0,30,0,0,10,,,,,0.0,30
20160929-03:00,,21,0,0,,77,,1008,0,0,24,0,0,4,,,,,0.0,29
20160929-12:00,Clear,21,0,0,,48,,1004,0,0,30,0,0,10,,,,,0.0,29
20160930-03:00,,21,0,0,,80,,1007,0,0,23,0,0,4,,,,,0.0,28
20160930-12:00,,20,0,0,,49,,1002,0,0,29,0,0,10,,,,,0.0,28
20161001-03:00,Clear,22,0,0,,81,,1007,0,0,25,0,0,4,,,,,0.0,28
20161001-12:00,,22,0,0,,66,,1002,0,0,28,0,0,10,,,,,0.0,28
20161002-03:00,Mostly Cloudy,22,0,0,,81,,1009,0,0,25,0,0,4,,,,,,25
20161002-12:00,,23,0,0,,68,,1004,0,0,28,0,0,10,,,,,0.0,25
20161003-03:00,,23,0,0,,85,,1008,0,0,25,0,0,4,,,,,,27
20161003-12:00,Overcast,23,0,0,,90,,1005,0,0,25,0,0,10,,,,,0.0,27
20161004-03:00,,23,0,0,,87,,1006,0,0,25,0,0,4,,,,,0.0,28
20161004-12:00,,23,0,0,,72,,1002,0,0,27,0,0,10,,,,,,28
20161005-03:00,,22,0,0,,81,,1008,0,0,25,0,0,4,,,,,0.0,27
20161005-12:00,Clear,22,0,0,,63,,1002,0,0,28,0,0,10,,,,,0.0,27
20161006-03:00,,21,0,0,,79,,1008,0,0,24,0,0,4,,,,,0.0,29
20161006-12:00,,22,0,0,,68,,1005,0,0,27,0,0,10,,,,,0.0,29
20161007-03:00,,22,0,0,,79,,1008,0,0,24,0,0,4,,,,,0.0,26
20161007-12:00,,22,0,0,,61,,1004,0,0,29,0,0,10,,,,,0.0,26
20161008-03:00,,22,0,0,,82,,1009,0,0,24,0,0,4,,,,,0.0,29
20161008-12:00,,23,0,0,,81,,1005,0,0,26,0,0,10,,,,,0.0,29
20161009-03:00,Clear,22,0,0,,77,,1009,0,0,25,0,0,4,,,,,0.0,30
20161009-12:00,,23,0,0,,63,,1004,0,0,29,0,0,10,,,,,,30
20161010-03:00,,22,0,0,,83,,1009,0,0,24,0,0,4,,,,,0.0,31
20161010-12:00,Clear,22,0,0,,55,,1004,0,0,30,0,0,10,,,,,0.0,31
20161011-03:00,,20,0,0,,81,,1011,0,0,23,0,0,4,,,,,0.0,30
20161011-12:00,Clear,21,0,0,,49,,1004,0,0,31,0,0,10,,,,,0.0,30
20161012-03:00,,20,0,0,,77,,1013,0,0,23,0,0,4,,,,,0.0,30
20161012-12:00,,20,0,0,,45,,1007,0,0,30,0,0,10,,,,,0.0,30
20161013-03:00,,17,0,0,,77,,1012,0,0,21,0,0,4,,,,,0.0,31
20161013-12:00,,19,0,0,,42,,1007,0,0,30,0,0,10,,,,,0.0,31
20161014-03:00,,18,0,0,,76,,1012,0,0,21,0,0,4,,,,,0.0,31
20161014-12:00,,18,0,0,,38,,1007,0,0,31,0,0,4,,,,,0.0,31
20161015-03:00,,17,0,0,,74,,1012,0,0,21,0,0,4,,,,,0.0,29
20161015-12:00,Clear,18,0,0,,36,,1007,0,0,31,0,0,10,,,,,0.0,29
20161016-03:00,,17,0,0,,67,,1004,0,0,22,0,0,4,,,,,0.0,30
20161016-12:00,,18,0,0,,43,,1009,0,0,29,0,0,10,,,,,0.0,30
20161017-03:00,Clear,19,0,0,,66,,1012,0,0,24,0,0,4,,,,,0.0,30
20161017-12:00,Clear,20,0,0,,44,,1009,0,0,30,0,0,10,,,,,0.0,30
20161018-03:00,,18,0,0,,69,,1012,0,0,23,0,0,4,,,,,0.0,31
20161018-12:00,Clear,19,0,0,,41,,1007,0,0,30,0,0,10,,,,,0.0,31
20161019-03:00,,19,0,0,,72,,1011,0,0,23,0,0,4,,,,,0.0,30
20161019-12:00,Clear,19,0,0,,40,,1007,0,0,31,0,0,10,,,,,0.0,30
20161020-03:00,,,0,0,,,,1010,0,0,26,0,0,4,,,,,0.0,31
20161020-12:00,,17,0,0,,33,,1006,0,0,30,0,0,10,,,,,0.0,31
20161021-12:00,,17,0,0,,32,,1007,0,0,31,0,0,10,,,,,0.0,32
20161022-03:00,Clear,16,0,0,,69,,1012,0,0,20,0,0,4,,,,,0.0,31
20161022-12:00,,22,0,0,,49,,1017,0,0,32,0,0,10,,,,,0.0,31
20161023-03:00,,17,0,0,,64,,1012,0,0,22,0,0,4,,,,,0.0,29
20161023-12:00,,18,0,0,,36,,1007,0,0,31,0,0,10,,,,,0.0,29
20161024-03:00,Clear,18,0,0,,68,,1012,0,0,22,0,0,4,,,,,0.0,30
20161024-12:00,,18,0,0,,39,,1007,0,0,29,0,0,10,,,,,0.0,30
20161025-03:00,Clear,16,0,0,,71,,1013,0,0,20,0,0,4,,,,,0.0,30
20161025-12:00,,16,0,0,,34,,1007,0,0,30,0,0,10,,,,,0.0,30
20161026-03:00,,15,0,0,,62,,1013,0,0,20,0,0,4,,,,,0.0,31
20161026-12:00,Clear,14,0,0,,28,,1008,0,0,30,0,0,10,,,,,0.0,31
20161027-03:00,,16,0,0,,66,,1015,0,0,20,0,0,4,,,,,0.0,29
20161027-12:00,Scattered Clouds,19,0,0,,38,,1008,0,0,31,0,0,10,320,NW,,,1.9,29
20161028-03:00,,14,0,0,,60,,1011,0,0,21,0,0,4,,,,,0.0,29
20161028-12:00,,13,0,0,,25,,1008,0,0,29,0,0,10,,,,,0.0,29
20161029-03:00,,13,0,0,,64,,1015,0,0,18,0,0,4,,,,,0.0,29
20161029-12:00,,15,0,0,,31,,1008,0,0,29,0,0,10,,,,,0.0,29
20161030-03:00,,12,0,0,,59,,1015,0,0,18,0,0,4,,,,,0.0,30
20161030-12:00,,14,0,0,,29,,1008,0,0,29,0,0,10,,,,,0.0,30
20161031-03:00,,14,0,0,,61,,1016,0,0,20,0,0,4,,,,,0.0,29
20161031-12:00,,16,0,0,,34,,1010,0,0,30,0,0,10,,,,,0.0,29
20161101-03:00,Clear,11,0,0,,52,,1016,0,0,19,0,0,4,,,,,0.0,28
20161101-12:00,,12,0,0,,26,,1010,0,0,29,0,0,10,,,,,0.0,28
20161102-03:00,Clear,11,0,0,,54,,1016,0,0,18,0,0,4,,,,,0.0,16
20161102-12:00,Clear,11,0,0,,24,,1010,0,0,28,0,0,10,,,,,0.0,16
20161103-03:00,Clear,11,0,0,,61,,1017,0,0,16,0,0,4,,,,,0.0,29
20161104-03:00,,13,0,0,,64,,1015,0,0,18,0,0,4,,,,,0.0,29
20161104-12:00,,15,0,0,,33,,1009,0,0,29,0,0,10,,,,,0.0,29
20161105-03:00,,13,0,0,,64,,1013,0,0,18,0,0,4,,,,,0.0,29
20161105-12:00,,11,0,0,,24,,1007,0,0,29,0,0,10,,,,,0.0,29
20161106-03:00,,12,0,0,,53,,1014,0,0,19,0,0,4,,,,,0.0,29
20161106-12:00,Clear,11,0,0,,23,,1009,0,0,29,0,0,10,,,,,0.0,29
20161107-03:00,,10,0,0,,54,,1015,0,0,17,0,0,4,,,,,0.0,29
20161107-12:00,,11,0,0,,22,,1008,0,0,29,0,0,10,,,,,0.0,29
20161108-03:00,Clear,10,0,0,,55,,1018,0,0,17,0,0,4,,,,,0.0,28
20161108-12:00,,10,0,0,,20,,1008,0,0,29,0,0,10,,,,,0.0,28
20161109-03:00,Clear,10,0,0,,55,,1018,0,0,17,0,0,4,,,,,0.0,28
20161109-12:00,,12,0,0,,26,,1012,0,0,28,0,0,10,,,,,0.0,28
20161110-03:00,Clear,6,0,0,,38,,1018,0,0,16,0,0,4,,,,,0.0,28
20161110-12:00,,10,0,0,,22,,1011,0,0,28,0,0,10,,,,,0.0,28
20161111-03:00,Clear,9,0,0,,51,,1017,0,0,16,0,0,4,,,,,0.0,29
20161111-12:00,Clear,13,0,0,,28,,1011,0,0,28,0,0,10,,,,,0.0,29
20161112-03:00,Clear,9,0,0,,52,,1017,0,0,17,0,0,4,,,,,0.0,27
20161112-12:00,Clear,10,0,0,,20,,1011,0,0,29,0,0,10,,,,,0.0,27
20161113-03:00,,10,0,0,,64,,1017,0,0,15,0,0,4,,,,,0.0,28
20161113-12:00,Clear,12,0,0,,27,,1012,0,0,27,0,0,10,,,,,0.0,28
20161114-03:00,,11,0,0,,60,,1017,0,0,17,0,0,4,,,,,0.0,28
20161114-12:00,,15,0,0,,34,,1012,0,0,28,0,0,10,,,,,0.0,28
20161115-03:00,,12,0,0,,62,,1016,0,0,18,0,0,4,,,,,0.0,29
20161115-12:00,,16,0,0,,35,,1011,0,0,28,0,0,10,,,,,0.0,29
20161116-03:00,,14,0,0,,65,,1016,0,0,19,0,0,4,,,,,0.0,28
20161116-12:00,,16,0,0,,34,,1011,0,0,29,0,0,10,,,,,0.0,28
20161117-03:00,,12,0,0,,59,,1018,0,0,18,0,0,4,,,,,0.0,28
20161117-12:00,,12,0,0,,27,,1012,0,0,28,0,0,10,,,,,0.0,28
20161118-03:00,,10,0,0,,55,,1018,0,0,16,0,0,4,,,,,0.0,17
20161118-12:00,Clear,11,0,0,,25,,1011,0,0,28,0,0,10,,,,,0.0,17
20161119-03:00,,9,0,0,,52,,1016,0,0,17,0,0,4,,,,,0.0,28
20161120-03:00,,7,0,0,,39,,1015,0,0,18,0,0,4,,,,,0.0,28
20161120-12:00,Clear,10,0,0,,22,,1009,0,0,28,0,0,10,,,,,0.0,28
20161121-03:00,,9,0,0,,55,,1017,0,0,16,0,0,4,,,,,0.0,15
20161121-12:00,,11,0,0,,23,,1009,0,0,28,0,0,10,,,,,0.0,15
20161122-03:00,,8,0,0,,51,,1014,0,0,15,0,0,4,,,,,0.0,28
20161123-03:00,,9,0,0,,50,,1014,0,0,17,0,0,4,,,,,0.0,28
20161123-12:00,,11,0,0,,24,,1009,0,0,28,0,0,10,,,,,0.0,28
20161124-03:00,,8,0,0,,50,,1017,0,0,16,0,0,4,,,,,0.0,28
20161124-12:00,,10,0,0,,21,,1010,0,0,28,0,0,10,,,,,0.0,28
20161125-03:00,,10,0,0,,52,,1016,0,0,17,0,0,4,,,,,0.0,28
20161125-12:00,,8,0,0,,18,,1009,0,0,28,0,0,10,,,,,0.0,28
20161126-03:00,Clear,8,0,0,,55,,1016,0,0,15,0,0,4,,,,,0.0,29
20161126-12:00,,11,0,0,,23,,1010,0,0,28,0,0,10,,,,,0.0,29
20161127-03:00,,9,0,0,,49,,1017,0,0,16,0,0,4,,,,,0.0,30
20161127-12:00,Clear,12,0,0,,25,,1010,0,0,29,0,0,10,,,,,0.0,30
20161128-03:00,,9,0,0,,56,,1017,0,0,15,0,0,4,,,,,0.0,30
20161128-12:00,Clear,13,0,0,,26,,1009,0,0,30,0,0,10,,,,,0.0,30
20161129-03:00,,9,0,0,,49,,1017,0,0,17,0,0,4,,,,,0.0,30
20161129-12:00,,10,0,0,,18,,1010,0,0,30,0,0,10,,,,,0.0,30
20161130-03:00,,8,0,0,,53,,1017,0,0,16,0,0,4,,,,,0.0,28
20161130-12:00,,14,0,0,,27,,1011,0,0,30,0,0,10,,,,,0.0,28
20161201-03:00,,10,0,0,,55,,1017,0,0,16,0,0,4,,,,,0.0,28
20161201-12:00,,14,0,0,,30,,1010,0,0,28,0,0,10,,,,,0.0,28
20161202-03:00,,10,0,0,,53,,1018,0,0,18,0,0,4,,,,,0.0,29
20161202-12:00,,12,0,0,,27,,1010,0,0,28,0,0,10,,,,,0.0,29
20161203-03:00,,10,0,0,,53,,1018,0,0,18,0,0,4,,,,,0.0,30
20161203-12:00,,12,0,0,,24,,1010,0,0,29,0,0,10,,,,,0.0,30
20161204-03:00,Clear,11,0,0,,55,,1018,0,0,18,0,0,4,,,,,0.0,28
20161204-12:00,,12,0,0,,24,,1010,0,0,30,0,0,10,,,,,0.0,28
20161205-03:00,,13,0,0,,69,,1017,0,0,17,0,0,4,,,,,0.0,27
20161205-12:00,Clear,15,0,0,,36,,1011,0,0,28,0,0,10,,,,,0.0,27
20161206-03:00,,10,0,0,,66,,1018,0,0,15,0,0,4,,,,,0.0,27
20161206-12:00,Clear,11,0,0,,27,,1011,0,0,27,0,0,10,,,,,0.0,27
20161207-03:00,,7,0,0,,47,,1018,0,0,15,0,0,10,,,,,0.0,27
20161207-12:00,,9,0,0,,22,,1012,0,0,27,0,0,10,,,,,0.0,27
20161208-03:00,,7,0,0,,52,,1018,0,0,15,0,0,4,,,,,0.0,27
20161208-12:00,Clear,10,0,0,,23,,1012,0,0,27,0,0,10,,,,,0.0,27
20161209-03:00,,7,0,0,,51,,1017,0,0,14,0,0,4,,,,,0.0,13
20161209-12:00,,6,0,0,,17,,1010,0,0,27,0,0,10,,,,,0.0,13
20161210-03:00,,7,0,0,,56,,1016,0,0,13,0,0,4,,,,,0.0,28
20161211-03:00,Clear,7,0,0,,51,,1016,0,0,14,0,0,4,,,,,0.0,28
20161211-12:00,,10,0,0,,21,,1008,0,0,28,0,0,10,,,,,0.0,28
20161212-03:00,,8,0,0,,54,,1016,0,0,15,0,0,4,,,,,0.0,28
20161212-12:00,,11,0,0,,25,,1010,0,0,28,0,0,10,,,,,0.0,28
20161213-03:00,,9,0,0,,63,,1016,0,0,14,0,0,4,,,,,0.0,28
20161213-12:00,Clear,10,0,0,,21,,1009,0,0,28,0,0,10,,,,,0.0,28
20161214-03:00,,9,0,0,,56,,1016,0,0,15,0,0,4,,,,,0.0,29
20161214-12:00,Clear,13,0,0,,28,,1011,0,0,28,0,0,10,,,,,0.0,29
20161215-03:00,,11,0,0,,55,,1012,0,0,18,0,0,4,,,,,0.0,29
20161215-12:00,,17,0,0,,41,,1011,0,0,29,0,0,10,,,,,0.0,29
20161216-03:00,,13,0,0,,61,,1018,0,0,18,0,0,4,,,,,0.0,28
20161216-12:00,,16,0,0,,35,,1012,0,0,29,0,0,10,,,,,0.0,28
20161217-03:00,,13,0,0,,62,,1018,0,0,18,0,0,4,,,,,0.0,28
20161217-12:00,,12,0,0,,27,,1012,0,0,28,0,0,10,,,,,0.0,28
20161218-03:00,,10,0,0,,55,,1018,0,0,16,0,0,4,,,,,0.0,26
20161218-12:00,,12,0,0,,28,,1012,0,0,28,0,0,10,,,,,0.0,26
20161219-03:00,Clear,8,0,0,,55,,1019,0,0,15,0,0,4,,,,,0.0,27
20161219-12:00,Clear,11,0,0,,29,,1012,0,0,26,0,0,10,,,,,0.0,27
20161220-03:00,,7,0,0,,54,,1018,0,0,13,0,0,4,,,,,0.0,27
20161220-12:00,,11,0,0,,27,,1012,0,0,27,0,0,10,,,,,0.0,27
20161221-03:00,,7,0,0,,51,,1019,0,0,14,0,0,4,,,,,0.0,27
20161221-12:00,Clear,12,0,0,,28,,1012,0,0,27,0,0,10,,,,,0.0,27
20161222-03:00,Clear,8,0,0,,60,,1019,0,0,13,0,0,4,,,,,0.0,27
20161222-12:00,Clear,11,0,0,,26,,1013,0,0,27,0,0,10,,,,,0.0,27
20161223-03:00,,7,0,0,,55,,1019,0,0,13,0,0,4,,,,,0.0,29
20161223-12:00,Clear,12,0,0,,28,,1011,0,0,27,0,0,10,,,,,0.0,29
20161224-03:00,,7,0,0,,54,,1016,0,0,14,0,0,4,,,,,0.0,28
20161224-12:00,Clear,10,0,0,,21,,1007,0,0,29,0,0,10,,,,,0.0,28
20161225-03:00,,7,0,0,,47,,1014,0,0,15,0,0,4,,,,,0.0,26
20161225-12:00,Clear,10,0,0,,21,,1009,0,0,28,0,0,10,,,,,0.0,26
20161226-03:00,Clear,6,0,0,,49,,1017,0,0,14,0,0,4,,,,,0.0,25
20161226-12:00,,8,0,0,,22,,1012,0,0,26,0,0,10,,,,,0.0,25
20161227-03:00,,4,0,0,,50,,1018,0,0,11,0,0,4,,,,,0.0,27
20161227-12:00,,6,0,0,,19,,1011,0,0,25,0,0,10,,,,,0.0,27
20161228-03:00,,6,0,0,,67,,1018,0,0,11,0,0,4,,,,,0.0,27
20161228-12:00,,10,0,0,,25,,1012,0,0,27,0,0,10,,,,,0.0,27
20161229-03:00,,7,0,0,,60,,1018,0,0,13,0,0,4,,,,,0.0,28
20161229-12:00,,10,0,0,,25,,1012,0,0,27,0,0,10,,,,,0.0,28
20161230-03:00,,8,0,0,,60,,1018,0,0,14,0,0,4,,,,,0.0,28
20161230-12:00,Clear,12,0,0,,26,,1012,0,0,28,0,0,10,,,,,0.0,28
20161231-03:00,,9,0,0,,57,,1017,0,0,15,0,0,4,,,,,0.0,27
20161231-12:00,,11,0,0,,25,,1010,0,0,28,0,0,10,,,,,0.0,27
20170101-03:00,,9,0,0,,,,1017,0,0,,0,0,4,,,,,0.0,27
20170101-12:00,,12,0,0,,27,,1010,0,0,27,0,0,10,,,,,0.0,27
20170102-03:00,,8,0,0,,52,,1017,0,0,15,0,0,4,,,,,0.0,25
20170102-12:00,,8,0,0,,20,,1012,0,0,27,0,0,10,,,,,0.0,25
20170103-03:00,,8,0,0,,56,,1019,0,0,14,0,0,4,,,,,0.0,25
20170103-12:00,,9,0,0,,26,,1013,0,0,25,0,0,10,,,,,0.0,25
20170104-03:00,,6,0,0,,57,,1019,0,0,12,0,0,4,,,,,0.0,27
20170104-12:00,,9,0,0,,24,,1012,0,0,25,0,0,10,,,,,0.0,27
20170105-03:00,,9,0,0,,51,,1017,0,0,16,0,0,10,,,,,0.0,27
20170105-12:00,Clear,11,0,0,,25,,1011,0,0,27,0,0,10,,,,,0.0,27
20170106-03:00,,7,0,0,,52,,1015,0,0,14,0,0,4,,,,,0.0,28
20170106-12:00,Clear,8,0,0,,20,,1008,0,0,27,0,0,10,,,,,0.0,28
20170107-03:00,Clear,6,0,0,,57,,1016,0,0,12,0,0,4,,,,,0.0,26
20170107-12:00,,10,0,0,,22,,1007,0,0,28,0,0,10,,,,,0.0,26
20170108-03:00,,10,0,0,,67,,1014,0,0,15,0,0,4,,,,,0.0,27
20170108-12:00,,12,0,0,,32,,1008,0,0,26,0,0,10,,,,,0.0,27
20170109-03:00,,11,0,0,,72,,1014,0,0,15,0,0,4,,,,,0.0,24
20170109-12:00,,11,0,0,,25,,1007,0,0,27,0,0,10,,,,,0.0,24
20170110-03:00,,7,0,0,,,,1017,0,0,,0,0,0.05,10,North,,,25.9,23
20170110-12:00,,8,0,0,,26,,1011,0,0,24,0,0,10,,,,,0.0,23
20170111-03:00,,6,0,0,,66,,1017,0,0,11,0,0,4,,,,,0.0,22
20170111-12:00,,8,0,0,,28,,1012,0,0,23,0,0,10,,,,,0.0,22
20170112-03:00,,3,0,0,,52,,1017,0,0,10,0,0,4,,,,,0.0,22
20170112-12:00,,8,0,0,,29,,1011,0,0,22,0,0,10,,,,,0.0,22
20170113-03:00,,4,0,0,,52,,1017,0,0,10,0,0,4,,,,,0.0,26
20170113-12:00,Clear,8,0,0,,30,,1011,0,0,22,0,0,10,,,,,0.0,26
20170114-03:00,Clear,4,0,0,,49,,1017,0,0,12,0,0,4,,,,,0.0,28
20170114-12:00,Clear,12,0,0,,31,,1011,0,0,26,0,0,10,,,,,0.0,28
20170115-03:00,,12,0,0,,60,,1017,0,0,17,0,0,4,,,,,0.0,29
20170115-12:00,,17,0,0,,42,,1011,0,0,28,0,0,10,,,,,0.0,29
20170116-03:00,,13,0,0,,64,,1017,0,0,18,0,0,4,,,,,0.0,28
20170116-12:00,,17,0,0,,39,,1012,0,0,29,0,0,1,,,,,0.0,28
20170117-03:00,Clear,11,0,0,,66,,1017,0,0,16,0,0,4,,,,,0.0,29
20170117-12:00,Clear,14,0,0,,31,,1011,0,0,28,0,0,10,,,,,0.0,29
20170118-12:00,,15,0,0,,31,,1012,0,0,29,0,0,10,,,,,0.0,28
20170119-03:00,Clear,13,0,0,,70,,1018,0,0,17,0,0,4,,,,,0.0,27
20170119-12:00,,10,0,0,,23,,1014,0,0,28,0,0,10,,,,,0.0,27
20170120-03:00,,12,0,0,,71,,1018,0,0,16,0,0,4,,,,,0.0,29
20170120-12:00,,13,0,0,,30,,1014,0,0,27,0,0,10,,,,,0.0,29
20170121-03:00,,10,0,0,,67,,1019,0,0,15,0,0,4,,,,,0.0,29
20170121-12:00,Clear,14,0,0,,29,,1013,0,0,29,0,0,10,,,,,0.0,29
20170122-03:00,,11,0,0,,59,,1020,0,0,17,0,0,4,,,,,0.0,30
20170122-12:00,,13,0,0,,26,,1013,0,0,29,0,0,10,,,,,0.0,30
20170123-03:00,,12,0,0,,60,,1020,0,0,17,0,0,4,,,,,0.0,30
20170123-12:00,Clear,16,0,0,,32,,1013,0,0,30,0,0,10,,,,,0.0,30
20170124-12:00,,14,0,0,,27,,1013,0,0,30,0,0,10,,,,,0.0,30
20170125-03:00,,13,0,0,,64,,1019,0,0,18,0,0,4,,,,,0.0,30
20170125-12:00,,13,0,0,,25,,1013,0,0,30,0,0,10,,,,,0.0,30
20170126-03:00,,12,0,0,,60,,1016,0,0,17,0,0,4,,,,,0.0,27
20170126-12:00,,14,0,0,,26,,1008,0,0,30,0,0,10,,,,,0.0,27
20170127-03:00,,11,0,0,,58,,1016,0,0,17,0,0,4,,,,,0.0,27
20170127-12:00,,13,0,0,,33,,1011,0,0,27,0,0,10,,,,,0.0,27
20170128-03:00,,9,0,0,,62,,1019,0,0,14,0,0,4,,,,,0.0,28
20170128-12:00,,11,0,0,,25,,1009,0,0,27,0,0,10,,,,,0.0,28
20170129-03:00,,8,0,0,,57,,1019,0,0,14,0,0,4,,,,,0.0,30
20170129-12:00,,13,0,0,,30,,1012,0,0,28,0,0,10,,,,,0.0,30
20170130-03:00,,9,0,0,,57,,1017,0,0,15,0,0,4,,,,,0.0,31
20170130-12:00,,12,0,0,,23,,1010,0,0,30,0,0,10,,,,,0.0,31
20170131-03:00,,9,0,0,,50,,1016,0,0,17,0,0,4,,,,,,30
20170131-12:00,,13,0,0,,22,,1010,0,0,31,0,0,10,,,,,0.0,30
20170201-03:00,,7,0,0,,43,,1016,0,0,16,0,0,4,,,,,0.0,31
20170201-12:00,,14,0,0,,26,,1010,0,0,30,0,0,10,,,,,0.0,31
20170202-03:00,,9,0,0,,53,,1017,0,0,16,0,0,4,,,,,0.0,31
20170202-12:00,,13,0,0,,23,,1010,0,0,31,0,0,10,,,,,0.0,31
20170203-03:00,,10,0,0,,51,,1016,0,0,18,0,0,4,,,,,0.0,32
20170203-12:00,,14,0,0,,26,,1010,0,0,31,0,0,10,,,,,0.0,32
20170204-03:00,,14,0,0,,61,,1016,0,0,20,0,0,4,,,,,0.0,29
20170204-12:00,,14,0,0,,24,,1008,0,0,32,0,0,10,,,,,0.0,29
20170205-03:00,Clear,12,0,0,,54,,1015,0,0,19,0,0,4,,,,,0.0,28
20170205-12:00,,14,0,0,,31,,1010,0,0,29,0,0,10,,,,,0.0,28
20170206-03:00,,8,0,0,,45,,1015,0,0,17,0,0,4,,,,,0.0,30
20170206-12:00,,11,0,0,,25,,1011,0,0,28,0,0,10,,,,,0.0,30
20170207-03:00,,4,0,0,,38,,1016,0,0,15,0,0,4,,,,,0.0,32
20170207-12:00,Clear,13,0,0,,25,,1010,0,0,30,0,0,10,,,,,0.0,32
20170208-03:00,,8,0,0,,49,,1016,0,0,16,0,0,4,,,,,0.0,30
20170208-12:00,,14,0,0,,23,,1008,0,0,32,0,0,10,,,,,0.0,30
20170209-03:00,,11,0,0,,54,,1015,0,0,18,0,0,4,,,,,0.0,30
20170209-12:00,Clear,11,0,0,,21,,1010,0,0,30,0,0,10,,,,,0.0,30
20170210-03:00,,7,0,0,,45,,1015,0,0,16,0,0,4,,,,,0.0,30
20170210-12:00,,13,0,0,,26,,1007,0,0,30,0,0,10,,,,,0.0,30
20170211-03:00,,11,0,0,,53,,1014,0,0,18,0,0,4,,,,,0.0,16
20170211-12:00,,13,0,0,,24,,1007,0,0,30,0,0,10,,,,,0.0,16
20170212-03:00,,6,0,0,,40,,1016,0,0,16,0,0,4,,,,,0.0,31
20170213-03:00,Clear,12,0,0,,63,,1018,0,0,18,0,0,4,,,,,0.0,32
20170213-12:00,,13,0,0,,22,,1011,0,0,31,0,0,10,,,,,0.0,32
20170214-03:00,Clear,13,0,0,,55,,1019,0,0,20,0,0,4,,,,,0.0,32
20170214-12:00,,16,0,0,,28,,1013,0,0,32,0,0,10,,,,,0.0,32
20170215-03:00,,12,0,0,,53,,1020,0,0,20,0,0,4,,,,,0.0,32
20170215-12:00,Clear,14,0,0,,24,,1014,0,0,32,0,0,10,,,,,0.0,32
20170216-03:00,Clear,12,0,0,,51,,1020,0,0,20,0,0,4,,,,,0.0,33
20170216-12:00,,16,0,0,,29,,1012,0,0,32,0,0,10,,,,,0.0,33
20170217-03:00,,12,0,0,,52,,1017,0,0,19,0,0,4,,,,,0.0,34
20170217-12:00,,12,0,0,,17,,1009,0,0,33,0,0,10,,,,,0.0,34
20170218-03:00,,9,0,0,,41,,1017,0,0,19,0,0,4,,,,,0.0,34
20170218-12:00,,13,0,0,,19,,1012,0,0,34,0,0,10,,,,,0.0,34
20170219-03:00,,10,0,0,,43,,1017,0,0,20,0,0,4,,,,,0.0,34
20170219-12:00,,13,0,0,,19,,1012,0,0,34,0,0,10,,,,,0.0,34
20170220-03:00,,10,0,0,,43,,1013,0,0,20,0,0,4,,,,,0.0,33
20170220-12:00,,13,0,0,,18,,1005,0,0,34,0,0,10,,,,,0.0,33
20170221-03:00,,11,0,0,,41,,1010,0,0,21,0,0,4,,,,,0.0,33
20170221-12:00,,11,0,0,,16,,1005,0,0,33,0,0,10,,,,,0.0,33
20170222-03:00,,8,0,0,,46,,1012,0,0,17,0,0,4,,,,,0.0,19
20170222-12:00,,12,0,0,,18,,1008,0,0,33,0,0,10,,,,,0.0,19
20170223-03:00,,10,0,0,,46,,1014,0,0,19,0,0,4,,,,,0.0,32
20170224-03:00,,8,0,0,,40,,1017,0,0,18,0,0,4,,,,,0.0,32
20170224-12:00,,7,0,0,,13,,1009,0,0,32,0,0,10,,,,,0.0,32
20170225-03:00,,6,0,0,,35,,1018,0,0,18,0,0,4,,,,,0.0,33
20170225-12:00,Clear,5,0,0,,10,,1010,0,0,32,0,0,10,,,,,0.0,33
20170226-03:00,Clear,5,0,0,,32,,1015,0,0,18,0,0,4,,,,,0.0,34
20170226-12:00,,7,0,0,,11,,1007,0,0,33,0,0,10,,,,,0.0,34
20170227-03:00,,6,0,0,,34,,1014,0,0,18,0,0,4,,,,,0.0,34
20170227-12:00,,4,0,0,,8,,1008,0,0,34,0,0,10,,,,,0.0,34
20170228-03:00,,6,0,0,,31,,1016,0,0,19,0,0,4,,,,,0.0,35
20170228-12:00,,9,0,0,,13,,1008,0,0,34,0,0,10,,,,,0.0,35
20170301-03:00,,8,0,0,,36,,1014,0,0,20,0,0,4,,,,,0.0,35
20170301-12:00,,10,0,0,,13,,1008,0,0,35,0,0,10,0,North,,,,35
20170302-03:00,,13,0,0,,54,,1014,0,0,20,0,0,4,270,West,,,,34
20170302-12:00,,23,0,0,,41,,1005,0,0,35,0,0,10,0,North,,,3.7,34
20170303-03:00,,13,0,0,,55,,1011,0,0,20,0,0,4,0,North,,,,33
20170303-12:00,,10,0,0,,14,,1005,0,0,34,0,0,10,0,North,,,0.0,33
20170304-03:00,,9,0,0,,43,,1010,0,0,19,0,0,4,,,,,0.0,32
20170304-12:00,,7,0,0,,12,,1004,0,0,33,0,0,10,,,,,0.0,32
20170305-03:00,,8,0,0,,37,,1011,0,0,19,0,0,4,,,,,0.0,32
20170305-12:00,Clear,8,0,0,,14,,1004,0,0,32,0,0,10,180,South,,,,32
20170306-03:00,,,0,0,,,,1017,0,0,,0,0,4,270,West,,,3.7,19
20170306-12:00,Clear,6,0,0,,11,,1010,0,0,32,0,0,10,90,East,,,,19
20170307-03:00,,9,0,0,,41,,1010,0,0,19,0,0,4,270,West,,,3.7,31
20170308-12:00,,9,0,0,,16,,1004,0,0,31,0,0,10,,,,,,32
20170309-03:00,,10,0,0,,38,,1011,0,0,21,0,0,4,0,North,,,0.0,29
20170309-12:00,,9,0,0,,15,,1004,0,0,32,0,0,10,0,North,,,3.7,29
20170310-03:00,Clear,11,0,0,,45,,1010,0,0,20,0,0,4,0,North,,,,28
20170310-12:00,Clear,28,0,0,,91,,1005,0,0,29,0,0,10,0,North,,,,28
20170311-03:00,Clear,15,0,0,,57,,1011,0,0,21,0,0,4,0,North,,,0.0,29
20170311-12:00,,12,0,0,,25,,1007,0,0,28,0,0,10,270,West,,,,29
20170312-03:00,Clear,5,0,0,,32,,1014,0,0,17,0,0,4,0,North,,,,24
20170312-12:00,Clear,5,0,0,,14,,1010,0,0,29,0,0,10,90,East,,,,24
20170313-03:00,,2,0,0,,27,,1016,0,0,17,0,0,4,,,,,,33
20170313-12:00,,7,0,0,,24,,1008,0,0,24,0,0,10,,,,,,33
20170314-03:00,,4,0,0,,25,,1012,0,0,19,0,0,4,0,North,,,,35
20170314-12:00,,6,0,0,,10,,1008,0,0,33,0,0,10,90,East,,,20.4,35
20170315-03:00,,4,0,0,,24,,1016,0,0,20,0,0,4,0,North,,,0.0,35
20170315-12:00,Clear,13,0,0,,18,,1007,0,0,35,0,0,10,180,South,,,0.0,35
20170316-03:00,,10,0,0,,36,,1013,0,0,21,0,0,4,0,North,,,3.7,33
20170316-12:00,,7,0,0,,10,,1006,0,0,35,0,0,10,0,North,,,1.9,33
20170317-03:00,,8,0,0,,30,,1013,0,0,21,0,0,4,0,North,,,0.0,33
20170317-12:00,,5,0,0,,10,,1007,0,0,33,0,0,10,0,North,,,,33
20170318-03:00,,12,0,0,,36,,1013,0,0,24,0,0,4,,,,,,34
20170318-12:00,Clear,8,0,0,,13,,1007,0,0,33,0,0,10,0,North,,,,34
20170319-03:00,,11,0,0,,32,,1013,0,0,25,0,0,4,,,,,,33
20170319-12:00,Clear,6,0,0,,10,,1007,0,0,34,0,0,10,0,North,,,0.0,33
20170320-03:00,Clear,12,0,0,,38,,1014,0,0,23,0,0,4,,,,,0.0,35
20170320-12:00,,9,0,0,,14,,1008,0,0,33,0,0,10,0,North,,,0.0,35
20170321-03:00,,9,0,0,,39,,1015,0,0,20,0,0,4,,,,,,38
20170321-12:00,,9,0,0,,12,,1008,0,0,35,0,0,10,0,North,,,,38
20170322-03:00,,9,0,0,,32,,1014,0,0,22,0,0,4,,,,,,38
20170322-12:00,,9,0,0,,10,,1006,0,0,38,0,0,10,0,North,,,3.7,38
20170323-12:00,,9,0,0,,10,,1006,0,0,38,0,0,10,90,East,,,,38
20170324-03:00,,13,0,0,,38,,1012,0,0,25,0,0,4,270,West,,,,38
20170324-12:00,,12,0,0,,13,,1006,0,0,38,0,0,10,180,South,,,,38
20170325-03:00,,14,0,0,,34,,1012,0,0,27,0,0,4,0,North,,,0.0,39
20170325-12:00,,12,0,0,,12,,1006,0,0,38,0,0,10,180,South,,,3.7,39
20170326-03:00,Clear,13,0,0,,34,,1014,0,0,26,0,0,4,0,North,,,,30
20170326-12:00,Clear,5,0,0,,7,,1006,0,0,39,0,0,10,0,North,,,,30
20170327-03:00,,11,0,0,,27,,1013,0,0,27,0,0,4,,,,,,41
20170327-12:00,,10,0,0,,20,,1007,0,0,30,0,0,10,180,South,,,,41
20170328-03:00,,11,0,0,,28,,1013,0,0,26,0,0,4,,,,,,40
20170328-12:00,Clear,10,0,0,,9,,1005,0,0,41,0,0,10,180,South,,,0.0,40
20170329-03:00,,13,0,0,,28,,1012,0,0,28,0,0,4,10,North,,,,39
20170329-12:00,,10,0,0,,10,,1006,0,0,40,0,0,10,,,,,,39
20170330-03:00,,11,0,0,,22,,1011,0,0,30,0,0,4,0,North,,,,40
20170330-12:00,,9,0,0,,9,,1005,0,0,39,0,0,10,,,,,,40
20170331-03:00,,14,0,0,,29,,1013,0,0,29,0,0,4,180,South,,,,38
20170331-12:00,,11,0,0,,10,,1005,0,0,40,0,0,10,,,,,,38
20170401-03:00,,13,0,0,,30,,1011,0,0,28,0,0,4,,,,,0.0,37
20170401-12:00,Clear,6,0,0,,7,,1006,0,0,38,0,0,10,0,North,,,,37
20170402-03:00,,12,0,0,,27,,1009,0,0,27,0,0,4,0,North,,,,38
20170402-12:00,,8,0,0,,10,,1003,0,0,37,0,0,10,0,North,,,,38
20170403-03:00,,11,0,0,,25,,1008,0,0,27,0,0,4,,,,,,38
20170403-12:00,Clear,9,0,0,,10,,1004,0,0,38,0,0,10,0,North,,,,38
20170404-03:00,,11,0,0,,29,,1011,0,0,26,0,0,4,,,,,,38
20170404-12:00,Clear,11,0,0,,12,,1004,0,0,38,0,0,10,0,North,,,,38
20170405-03:00,,16,0,0,,45,,1010,0,0,26,0,0,4,,,,,,38
20170405-12:00,Clear,9,0,0,,9,,1003,0,0,38,0,0,10,0,North,,,,38
20170406-03:00,,11,0,0,,30,,1009,0,0,25,0,0,4,270,West,,,,37
20170406-12:00,,11,0,0,,11,,1003,0,0,38,0,0,10,,,,,,37
20170407-03:00,,11,0,0,,27,,1011,0,0,26,0,0,4,270,West,,,,37
20170407-12:00,,7,0,0,,9,,1004,0,0,37,0,0,10,0,North,,,,37
20170408-03:00,,6,0,0,,22,,1012,0,0,23,0,0,4,0,North,,,,38
20170408-12:00,,4,0,0,,6,,1005,0,0,37,0,0,10,180,South,,,,38
20170409-03:00,,13,0,0,,53,,1012,0,0,20,0,0,4,270,West,,,,38
20170409-12:00,,8,0,0,,9,,1004,0,0,38,0,0,10,180,South,,,,38
20170410-12:00,,4,0,0,,6,,1005,0,0,38,0,0,10,0,North,,,0.0,38
20170411-03:00,Clear,5,0,0,,19,,1012,0,0,24,0,0,4,0,North,,,0.0,39
20170411-12:00,,4,0,0,,6,,1005,0,0,38,0,0,10,,,,,,39
20170412-03:00,Clear,4,0,0,,17,,1011,0,0,24,0,0,4,0,North,,,,40
20170412-12:00,Clear,10,0,0,,10,,1004,0,0,39,0,0,10,90,East,,,,40
20170413-12:00,Clear,5,0,0,,6,,1003,0,0,40,0,0,10,180,South,,,,41
20170414-03:00,,9,0,0,,22,,1010,0,0,27,0,0,4,,,,,,39
20170414-12:00,,2,0,0,,4,,1002,0,0,41,0,0,10,,,,,,39
20170415-03:00,,10,0,0,,22,,1007,0,0,29,0,0,4,0,North,,,,39
20170415-12:00,,5,0,0,,6,,1001,0,0,39,0,0,10,0,North,,,,39
20170416-03:00,,9,0,0,,17,,1007,0,0,31,0,0,4,0,North,,,,39
20170416-12:00,,3,0,0,,5,,1002,0,0,39,0,0,10,0,North,,,,39
20170417-03:00,,9,0,0,,18,,1009,0,0,30,0,0,4,270,West,,,,41
20170417-12:00,,4,0,0,,6,,1003,0,0,39,0,0,10,0,North,,,,41
20170418-03:00,,7,0,0,,14,,1009,0,0,31,0,0,4,180,South,,,,40
20170418-12:00,,2,0,0,,4,,1002,0,0,41,0,0,10,0,North,,,,40
20170419-03:00,Clear,8,0,0,,18,,1009,0,0,28,0,0,4,0,North,,,,39
20170419-12:00,,3,0,0,,5,,1001,0,0,40,0,0,10,,,,,,39
20170420-03:00,,6,0,0,,14,,1007,0,0,30,0,0,4,,,,,,28
20170420-12:00,Clear,4,0,0,,6,,1001,0,0,39,0,0,10,0,North,,,0.0,28
20170421-03:00,,10,0,0,,21,,1005,0,0,28,0,0,4,,,,,,38
20170422-03:00,,11,0,0,,25,,1009,0,0,28,0,0,4,,,,,,36
20170422-12:00,Clear,7,0,0,,8,,1002,0,0,38,0,0,10,0,North,,,,36
20170423-03:00,,14,0,0,,31,,1010,0,0,28,0,0,4,270,West,,,,37
20170423-12:00,,9,0,0,,11,,1003,0,0,36,0,0,10,0,North,,,,37
20170424-12:00,,11,0,0,,13,,1005,0,0,37,0,0,10,0,North,,,,38
20170425-03:00,,13,0,0,,32,,1011,0,0,26,0,0,4,,,,,,38
20170425-12:00,,6,0,0,,8,,1004,0,0,38,0,0,10,,,,,,38
20170426-12:00,,7,0,0,,8,,1004,0,0,38,0,0,10,270,West,,,0.0,39
20170427-03:00,Clear,16,0,0,,42,,1011,0,0,26,0,0,4,270,West,,,0.0,39
20170427-12:00,,11,0,0,,11,,1003,0,0,39,0,0,10,270,West,,,,39
20170428-03:00,,11,0,0,,23,,1010,0,0,29,0,0,4,90,East,,,,39
20170428-12:00,,8,0,0,,9,,1003,0,0,39,0,0,10,270,West,,,0.0,39
20170429-03:00,Clear,14,0,0,,27,,1010,0,0,29,0,0,4,180,South,,,0.0,32
20170429-12:00,,10,0,0,,10,,1004,0,0,39,0,0,10,0,North,,,,32
20170430-03:00,,11,0,0,,27,,1010,0,0,27,0,0,4,0,North,,,,40
20170430-12:00,Mostly Cloudy,12,0,0,,19,,1005,0,0,32,0,0,10,270,West,,,,40
20170501-03:00,Clear,15,0,0,,44,,1010,0,0,25,0,0,4,,,,,0.0,39
20170501-12:00,Clear,10,0,0,,9,,1003,0,0,40,0,0,10,0,North,,,0.0,39
20170502-03:00,,10,0,0,,19,,1010,0,0,29,0,0,4,0,North,,,,41
20170502-12:00,,10,0,0,,9,,1004,0,0,39,0,0,10,,,,,,41
20170503-03:00,,25,0,0,,61,,1010,0,0,31,0,0,4,0,North,,,0.0,40
20170503-12:00,,10,0,0,,9,,1004,0,0,41,0,0,10,,,,,,40
20170504-03:00,Clear,12,0,0,,21,,1010,0,0,32,0,0,4,0,North,,,,41
20170504-12:00,Clear,10,0,0,,9,,1004,0,0,40,0,0,10,0,North,,,,41
20170505-03:00,,14,0,0,,22,,1009,0,0,33,0,0,4,,,,,,39
20170505-12:00,,11,0,0,,9,,1003,0,0,41,0,0,10,0,North,,,0.0,39
20170506-03:00,Clear,14,0,0,,22,,1009,0,0,33,0,0,4,270,West,,,0.0,37
20170506-12:00,Clear,12,0,0,,11,,1004,0,0,39,0,0,10,0,North,,,,37
20170507-03:00,,12,0,0,,,,1009,0,0,,0,0,0.05,30,NNE,,,33.3,40
20170507-12:00,Clear,15,0,0,,18,,1004,0,0,37,0,0,10,0,North,,,0.0,40
20170508-03:00,,13,0,0,,25,,1010,0,0,30,0,0,4,270,West,,,,39
20170508-12:00,,11,0,0,,10,,1002,0,0,40,0,0,10,,,,,,39
20170509-03:00,,14,0,0,,27,,1009,0,0,30,0,0,4,270,West,,,,41
20170509-12:00,,8,0,0,,8,,1002,0,0,39,0,0,10,0,North,,,0.0,41
20170510-03:00,,16,0,0,,34,,1009,0,0,29,0,0,4,0,North,,,0.0,40
20170510-12:00,,11,0,0,,10,,1001,0,0,41,0,0,10,0,North,,,,40
20170511-03:00,,14,0,0,,24,,1008,0,0,31,0,0,4,0,North,,,,41
20170511-12:00,,10,0,0,,10,,1003,0,0,40,0,0,10,180,South,,,,41
20170512-03:00,Clear,15,0,0,,27,,1008,0,0,31,0,0,4,0,North,,,,42
20170512-12:00,,14,0,0,,13,,1001,0,0,41,0,0,10,0,North,,,,42
20170513-03:00,Clear,17,0,0,,26,,1007,0,0,34,0,0,4,0,North,,,,42
20170513-12:00,,15,0,0,,13,,1000,0,0,42,0,0,10,,,,,,42
20170514-03:00,,19,0,0,,33,,1007,0,0,33,0,0,4,0,North,,,,40
20170514-12:00,,14,0,0,,12,,1000,0,0,42,0,0,10,0,North,,,,40
20170515-03:00,Clear,17,0,0,,29,,1001,0,0,32,0,0,4,0,North,,,0.0,38
20170515-12:00,,17,0,0,,18,,1001,0,0,40,0,0,10,,,,,,38
20170516-03:00,,19,0,0,,36,,1005,0,0,32,0,0,4,0,North,,,,39
20170516-12:00,,16,0,0,,18,,1000,0,0,38,0,0,10,,,,,,39
20170517-03:00,,16,0,0,,28,,1006,0,0,33,0,0,4,0,North,,,0.0,41
20170517-12:00,,17,0,0,,18,,1001,0,0,39,0,0,10,0,North,,,0.0,41
20170518-03:00,,16,0,0,,29,,1006,0,0,32,0,0,4,0,North,,,,39
20170518-12:00,,16,0,0,,15,,1001,0,0,41,0,0,10,270,West,,,,39
20170519-03:00,,18,0,0,,34,,1007,0,0,32,0,0,4,0,North,,,0.0,41
20170519-12:00,,15,0,0,,15,,1003,0,0,39,0,0,10,,,,,,41
20170520-03:00,Clear,17,0,0,,34,,1008,0,0,31,0,0,4,270,West,,,,39
20170520-12:00,,12,0,0,,10,,1000,0,0,41,0,0,10,0,North,,,,39
20170521-12:00,,14,0,0,,14,,1001,0,0,39,0,0,10,,,,,,30
20170522-03:00,,18,0,0,,38,,1007,0,0,30,0,0,4,,,,,0.0,40
20170523-03:00,,17,0,0,,30,,1007,0,0,32,0,0,4,0,North,,,,42
20170523-12:00,Clear,16,0,0,,16,,1001,0,0,40,0,0,10,0,North,,,,42
20170524-03:00,,10,0,0,,9,,1005,0,0,40,0,0,4,,,,,,28
20170524-12:00,,3,0,0,,4,,1000,0,0,42,0,0,10,0,North,,,,28
20170525-03:00,,16,0,0,,25,,1004,0,0,33,0,0,4,,,,,,39
20170525-12:00,Mostly Cloudy,21,0,0,,59,,1002,0,0,28,0,0,10,180,South,,,,39
20170526-03:00,,19,0,0,,43,,1004,0,0,30,0,0,4,270,West,,,,40
20170526-12:00,,17,0,0,,18,,999,0,0,39,0,0,10,,,,,0.0,40
20170527-03:00,,18,0,0,,40,,1004,0,0,30,0,0,4,0,North,,,,39
20170527-12:00,,17,0,0,,17,,1003,0,0,40,0,0,10,0,North,,,,39
20170528-03:00,Clear,19,0,0,,45,,1004,0,0,29,0,0,4,0,North,,,,29
20170528-12:00,,17,0,0,,18,,998,0,0,39,0,0,10,0,North,,,,29
20170529-03:00,,19,0,0,,44,,1004,0,0,29,0,0,4,,,,,,36
20170530-03:00,,17,0,0,,38,,1002,0,0,29,0,0,4,,,,,,40
20170530-12:00,Clear,17,0,0,,23,,995,0,0,36,0,0,10,180,South,,,0.0,40
20170531-03:00,,18,0,0,,41,,1002,0,0,29,0,0,4,,,,,,29
20170531-12:00,Clear,18,0,0,,18,,995,0,0,40,0,0,10,0,North,,,,29
20170601-03:00,,20,0,0,,46,,1002,0,0,29,0,0,4,0,North,,,,28
20170602-03:00,Clear,22,0,0,,58,,1004,0,0,28,0,0,4,0,North,,,0.0,25
20170603-12:00,Mostly Cloudy,25,0,0,,98,,1003,0,0,25,0,0,10,0,North,,,0.0,35
20170604-03:00,,21,0,0,,62,,1007,0,0,27,0,0,4,0,North,,,0.0,36
20170604-12:00,,21,0,0,,37,,1001,0,0,35,0,0,10,0,North,,,,36
20170605-12:00,Clear,22,0,0,,33,,1001,0,0,36,0,0,10,270,West,,,,35
20170606-03:00,Clear,22,0,0,,65,,1006,0,0,27,0,0,4,270,West,,,,25
20170606-12:00,,20,0,0,,32,,1001,0,0,35,0,0,10,,,,,,25
20170607-03:00,Clear,21,0,0,,57,,1008,0,0,28,0,0,4,180,South,,,0.0,25
20170607-12:00,Mostly Cloudy,23,0,0,,87,,1005,0,0,25,0,0,10,0,North,,,,25
20170608-03:00,,22,0,0,,76,,1007,0,0,25,0,0,4,,,,,,27
20170608-12:00,Mostly Cloudy,24,0,0,,90,,1003,0,0,25,0,0,10,270,West,,,,27
20170609-03:00,Mostly Cloudy,22,0,0,,80,,1005,0,0,25,0,0,4,0,North,,,,27
20170609-12:00,,24,0,0,,79,,1003,0,0,27,0,0,10,,,,,,27
20170610-03:00,Mostly Cloudy,23,0,0,,76,,1004,0,0,26,0,0,4,0,North,,,0.0,31
20170610-12:00,,24,0,0,,77,,999,0,0,27,0,0,10,0,North,,,0.0,31
20170611-03:00,,23,0,0,,79,,1003,0,0,26,0,0,4,180,South,,,,34
20170611-12:00,,22,0,0,,49,,998,0,0,31,0,0,10,180,South,,,,34
20170612-03:00,,23,0,0,,78,,1003,0,0,26,0,0,4,270,West,,,,33
20170612-12:00,Clear,22,0,0,,40,,996,0,0,34,0,0,10,0,North,,,,33
20170613-12:00,,21,0,0,,41,,998,0,0,33,0,0,10,0,North,,,,25
20170614-03:00,Clear,22,0,0,,67,,1004,0,0,27,0,0,4,0,North,,,,34
20170614-12:00,Mostly Cloudy,22,0,0,,80,,1003,0,0,25,0,0,10,,,,,,34
20170615-03:00,,23,0,0,,73,,1006,0,0,27,0,0,4,,,,,0.0,34
20170615-12:00,Clear,22,0,0,,42,,999,0,0,34,0,0,10,180,South,,,0.0,34
20170616-03:00,,23,0,0,,74,,1004,0,0,27,0,0,4,,,,,,35
20170616-12:00,Clear,21,0,0,,38,,999,0,0,34,0,0,10,0,North,,,0.0,35
20170617-03:00,,23,0,0,,72,,1004,0,0,27,0,0,4,0,North,,,,35
20170617-12:00,,22,0,0,,37,,999,0,0,35,0,0,10,,,,,,35
20170618-03:00,,23,0,0,,69,,1004,0,0,28,0,0,4,270,West,,,,27
20170618-12:00,Clear,21,0,0,,35,,999,0,0,35,0,0,10,0,North,,,,27
20170619-03:00,,22,0,0,,69,,1004,0,0,27,0,0,4,270,West,,,,33
20170620-12:00,,18,0,0,,31,,999,0,0,33,0,0,10,270,West,,,,33
20170623-03:00,,22,0,0,,62,,1004,0,0,28,0,0,4,,,,,,29
20170623-12:00,,21,0,0,,39,,998,0,0,33,0,0,10,,,,,,29
20170624-03:00,Clear,22,0,0,,69,,1002,0,0,27,0,0,4,0,North,,,0.0,28
20170624-12:00,Clear,22,0,0,,58,,998,0,0,29,0,0,10,0,North,,,,28
20170625-12:00,,24,0,0,,69,,996,0,0,28,0,0,10,,,,,,31
20170626-03:00,,23,0,0,,76,,1001,0,0,27,0,0,4,,,,,,28
20170626-12:00,,23,0,0,,57,,997,0,0,31,0,0,10,0,North,,,,28
20170627-03:00,,23,0,0,,78,,1001,0,0,26,0,0,4,0,North,,,,30
20170627-12:00,Mostly Cloudy,23,0,0,,67,,998,0,0,28,0,0,10,270,West,,,,30
20170628-03:00,,23,0,0,,76,,1001,0,0,26,0,0,4,0,North,,,,30
20170628-12:00,Clear,23,0,0,,57,,999,0,0,30,0,0,10,270,West,,,,30
20170629-03:00,Clear,24,0,0,,77,,1001,0,0,27,0,0,4,270,West,,,,31
20170629-12:00,,23,0,0,,55,,997,0,0,30,0,0,10,0,North,,,,31
20170630-12:00,Clear,20,0,0,,44,,997,0,0,31,0,0,10,270,West,,,0.0,31
20170701-12:00,Mostly Cloudy,20,0,0,,44,,1000,0,0,31,0,0,10,0,North,,,0.0,28
20170702-12:00,Mostly Cloudy,24,0,0,,72,,999,0,0,28,0,0,10,0,North,,,,27
20170703-03:00,,18,0,0,,50,,1004,0,0,26,0,0,4,,,,,,28
20170703-12:00,Clear,24,0,0,,75,,998,0,0,27,0,0,10,0,North,,,,28
20170704-03:00,Clear,22,0,0,,64,,1004,0,0,27,0,0,4,270,West,,,,29
20170704-12:00,,22,0,0,,62,,1002,0,0,28,0,0,10,270,West,,,,29
20170705-03:00,,22,0,0,,65,,1004,0,0,27,0,0,4,270,West,,,20.4,32
20170705-12:00,,21,0,0,,55,,1002,0,0,29,0,0,10,,,,,,32
20170706-03:00,,22,0,0,,77,,1005,0,0,26,0,0,4,270,West,,,,30
20170706-12:00,,22,0,0,,45,,1001,0,0,32,0,0,10,0,North,,,,30
20170707-03:00,Clear,22,0,0,,71,,1006,0,0,26,0,0,4,270,West,,,,32
20170707-12:00,Mostly Cloudy,22,0,0,,54,,1004,0,0,30,0,0,10,0,North,,,,32
20170708-03:00,,22,0,0,,75,,1006,0,0,26,0,0,4,270,West,,,,33
20170708-12:00,,21,0,0,,45,,1002,0,0,32,0,0,10,270,West,,,,33
20170709-03:00,Clear,21,0,0,,61,,1005,0,0,27,0,0,4,0,North,,,,30
20170709-12:00,Clear,21,0,0,,38,,1001,0,0,33,0,0,10,270,West,,,,30
20170710-03:00,,21,0,0,,62,,1007,0,0,27,0,0,4,,,,,,30
20170710-12:00,Clear,21,0,0,,51,,1002,0,0,30,0,0,10,270,West,,,,30
20170711-12:00,,21,0,0,,49,,1002,0,0,30,0,0,10,,,,,,25
20170712-03:00,,22,0,0,,64,,1006,0,0,27,0,0,4,270,West,,,,27
20170712-12:00,Mostly Cloudy,23,0,0,,82,,1003,0,0,25,0,0,10,270,West,,,20.4,27
20170713-03:00,Mostly Cloudy,21,0,0,,76,,1005,0,0,25,0,0,4,270,West,,,,28
20170713-12:00,Mostly Cloudy,23,0,0,,73,,1000,0,0,27,0,0,10,0,North,,,,28
20170714-03:00,Mostly Cloudy,22,0,0,,85,,1004,0,0,24,0,0,4,0,North,,,,28
20170714-12:00,Mostly Cloudy,23,0,0,,67,,1000,0,0,28,0,0,10,0,North,,,,28
20170715-03:00,Mostly Cloudy,23,0,0,,87,,1003,0,0,25,0,0,4,0,North,,,,26
20170715-12:00,Mostly Cloudy,22,0,0,,65,,1000,0,0,28,0,0,10,0,North,,,,26
20170716-12:00,Overcast,23,0,0,,76,,1000,0,0,26,0,0,10,,,,,,27
20170717-03:00,Mostly Cloudy,23,0,0,,92,,1003,0,0,24,0,0,4,,,,,,27
20170717-12:00,Mostly Cloudy,24,0,0,,77,,1000,0,0,27,0,0,10,0,North,,,0.0,27
20170718-03:00,,22,0,0,,77,,1002,0,0,26,0,0,4,,,,,,30
20170718-12:00,Mostly Cloudy,24,0,0,,78,,998,0,0,27,0,0,10,180,South,,,,30
20170721-03:00,,24,0,0,,86,,999,0,0,26,0,0,4,270,West,,,,26
20170721-12:00,Mostly Cloudy,26,0,0,,90,,996,0,0,28,0,0,10,0,North,,,,26
20170722-03:00,Mostly Cloudy,24,0,0,,89,,1000,0,0,25,0,0,4,0,North,,,,25
20170722-12:00,Mostly Cloudy,25,0,0,,90,,998,0,0,26,0,0,10,0,North,,,,25
20170723-03:00,Mostly Cloudy,23,0,0,,90,,1000,0,0,25,0,0,4,0,North,,,,28
20170723-12:00,Mostly Cloudy,24,0,0,,89,,1000,0,0,25,0,0,10,270,West,,,0.0,28
20170724-03:00,Mostly Cloudy,23,0,0,,87,,1002,0,0,25,0,0,4,270,West,,,0.0,29
20170724-12:00,,22,0,0,,63,,999,0,0,28,0,0,10,,,,,,29
20170725-03:00,Clear,22,0,0,,76,,1002,0,0,25,0,0,4,270,West,,,0.0,28
20170725-12:00,Clear,22,0,0,,58,,998,0,0,29,0,0,10,270,West,,,,28
20170726-03:00,,22,0,0,,72,,1002,0,0,25,0,0,4,,,,,,25
20170726-12:00,Clear,22,0,0,,63,,999,0,0,28,0,0,10,0,North,,,,25
20170727-03:00,Mostly Cloudy,23,0,0,,73,,1004,0,0,27,0,0,4,270,West,,,,25
20170727-12:00,Mostly Cloudy,23,0,0,,84,,1001,0,0,25,0,0,10,0,North,,,,25
20170728-03:00,Mostly Cloudy,23,0,0,,87,,1006,0,0,24,0,0,4,,,,,,28
20170728-12:00,,22,0,0,,74,,1002,0,0,25,0,0,10,0,North,,,,28
20170729-03:00,Mostly Cloudy,23,0,0,,90,,1006,0,0,24,0,0,4,270,West,,,,27
20170729-12:00,,22,0,0,,63,,1003,0,0,28,0,0,10,270,West,,,0.0,27
20170730-03:00,,22,0,0,,81,,1007,0,0,25,0,0,4,270,West,,,,28
20170730-12:00,,23,0,0,,70,,1004,0,0,27,0,0,10,,,,,,28
20170731-03:00,Clear,22,0,0,,85,,1007,0,0,24,0,0,4,270,West,,,,30
20170731-12:00,,22,0,0,,62,,1005,0,0,28,0,0,10,0,North,,,,30
20170801-03:00,Mostly Cloudy,23,0,0,,83,,1008,0,0,25,0,0,4,270,West,,,,27
20170801-12:00,,23,0,0,,59,,1004,0,0,30,0,0,10,,,,,,27
20170802-12:00,Mostly Cloudy,22,0,0,,65,,1004,0,0,27,0,0,10,0,North,,,,26
20170803-12:00,Mostly Cloudy,22,0,0,,74,,1002,0,0,26,0,0,10,,,,,,30
20170804-03:00,,22,0,0,,80,,1003,0,0,25,0,0,4,270,West,,,,30
20170804-12:00,Clear,21,0,0,,50,,999,0,0,30,0,0,10,0,North,,,,30
20170805-03:00,,22,0,0,,78,,1003,0,0,25,0,0,4,270,West,,,,28
20170805-12:00,,22,0,0,,55,,1001,0,0,30,0,0,10,270,West,,,,28
20170806-12:00,Mostly Cloudy,24,0,0,,73,,1001,0,0,28,0,0,10,,,,,,29
20170807-03:00,,22,0,0,,82,,1005,0,0,24,0,0,4,270,West,,,,25
20170807-12:00,Mostly Cloudy,23,0,0,,60,,1000,0,0,29,0,0,10,0,North,,,,25
20170808-03:00,Mostly Cloudy,21,0,0,,75,,1006,0,0,25,0,0,4,270,West,,,20.4,28
20170811-03:00,,22,0,0,,77,,1006,0,0,25,0,0,4,,,,,,29
20170812-12:00,Mostly Cloudy,23,0,0,,64,,1003,0,0,29,0,0,10,0,North,,,,28
20170813-03:00,Mostly Cloudy,22,0,0,,79,,1008,0,0,25,0,0,4,270,West,,,,29
20170813-12:00,Mostly Cloudy,22,0,0,,61,,1005,0,0,28,0,0,10,0,North,,,,29
20170814-03:00,,22,0,0,,80,,1008,0,0,25,0,0,4,270,West,,,,27
20170814-12:00,Mostly Cloudy,22,0,0,,61,,1006,0,0,29,0,0,10,0,North,,,0.0,27
20170815-03:00,,22,0,0,,75,,1010,0,0,26,0,0,4,0,North,,,,30
20170815-12:00,Mostly Cloudy,22,0,0,,69,,1006,0,0,27,0,0,10,0,North,,,,30
20170816-12:00,,21,0,0,,48,,1004,0,0,30,0,0,10,270,West,,,,25
20170817-03:00,Clear,22,0,0,,77,,1006,0,0,25,0,0,4,270,West,,,,27
20170818-03:00,Clear,21,0,0,,75,,1005,0,0,25,0,0,4,270,West,,,,25
20170818-12:00,Mostly Cloudy,24,0,0,,79,,1002,0,0,27,0,0,10,0,North,,,,25
20170819-03:00,Mostly Cloudy,22,0,0,,86,,1004,0,0,25,0,0,4,270,West,,,,27
20170820-03:00,Mostly Cloudy,22,0,0,,81,,1000,0,0,25,0,0,4,0,North,,,,25
20170820-12:00,Mostly Cloudy,23,0,0,,71,,997,0,0,27,0,0,10,0,North,,,,25
20170821-03:00,Mostly Cloudy,22,0,0,,94,,1000,0,0,23,0,0,4,270,West,,,,27
20170821-12:00,Mostly Cloudy,21,0,0,,71,,997,0,0,25,0,0,10,270,West,,,,27
20170822-03:00,,22,0,0,,81,,1003,0,0,24,0,0,4,270,West,,,,30
20170822-12:00,Mostly Cloudy,23,0,0,,77,,1000,0,0,27,0,0,10,,,,,,30
20170823-03:00,Clear,22,0,0,,81,,1008,0,0,24,0,0,4,270,West,,,,28
20170823-12:00,Mostly Cloudy,23,0,0,,58,,1002,0,0,30,0,0,10,0,North,,,,28
20170824-03:00,,22,0,0,,81,,1007,0,0,24,0,0,4,270,West,,,,28
20170824-12:00,Mostly Cloudy,24,0,0,,69,,1003,0,0,28,0,0,10,0,North,,,,28
20170825-12:00,Mostly Cloudy,23,0,0,,69,,1000,0,0,28,0,0,10,0,North,,,,28
20170826-12:00,Mostly Cloudy,22,0,0,,61,,999,0,0,28,0,0,10,,,,,0.0,26
20170827-03:00,,23,0,0,,78,,1000,0,0,26,0,0,4,0,North,,,,27
20170828-03:00,Mostly Cloudy,23,0,0,,83,,1002,0,0,25,0,0,4,270,West,,,0.0,25
20170828-12:00,Mostly Cloudy,25,0,0,,85,,998,0,0,27,0,0,10,,,,,,25
20170829-03:00,Mostly Cloudy,24,0,0,,91,,998,0,0,25,0,0,4,270,West,,,,26
20170829-12:00,Mostly Cloudy,24,0,0,,92,,995,0,0,25,0,0,10,0,North,,,0.0,26
20170830-12:00,Mostly Cloudy,22,0,0,,74,,999,0,0,26,0,0,10,0,North,,,,29
20170831-03:00,,22,0,0,,85,,1004,0,0,24,0,0,4,,,,,,30
20170831-12:00,,21,0,0,,55,,1004,0,0,29,0,0,10,,,,,,30
20170901-12:00,,22,0,0,,54,,1004,0,0,30,0,0,10,0,North,,,,30
20170902-03:00,Clear,22,0,0,,98,,1007,0,0,22,0,0,4,270,West,,,,28
20170902-12:00,,22,0,0,,55,,1004,0,0,30,0,0,10,0,North,,,,28
20170903-12:00,Mostly Cloudy,23,0,0,,70,,1004,0,0,28,0,0,10,,,,,,28
20170904-03:00,,22,0,0,,79,,1010,0,0,24,0,0,4,,,,,,30
20170904-12:00,Mostly Cloudy,24,0,0,,75,,1006,0,0,28,0,0,10,0,North,,,,30
20170905-03:00,,21,0,0,,82,,1010,0,0,24,0,0,4,270,West,,,0.0,30
20170905-12:00,,23,0,0,,56,,1004,0,0,30,0,0,10,,,,,,30
20170906-03:00,,22,0,0,,80,,1010,0,0,25,0,0,4,270,West,,,0.0,31
20170906-12:00,,23,0,0,,56,,1004,0,0,30,0,0,10,180,South,,,,31
20170907-12:00,Clear,22,0,0,,52,,1003,0,0,31,0,0,10,0,North,,,,30
20170908-03:00,Mostly Cloudy,22,0,0,,80,,1010,0,0,25,0,0,4,,,,,,31
20170908-12:00,,23,0,0,,58,,1006,0,0,30,0,0,10,0,North,,,0.0,31
20170909-03:00,Clear,22,0,0,,82,,1010,0,0,25,0,0,4,270,West,,,,27
20170909-12:00,,23,0,0,,54,,1004,0,0,31,0,0,10,0,North,,,,27
20170910-12:00,Mostly Cloudy,24,0,0,,83,,1004,0,0,27,0,0,10,,,,,,30
20170911-03:00,,24,0,0,,88,,1008,0,0,25,0,0,4,,,,,,30
20170911-12:00,Clear,23,0,0,,60,,1004,0,0,30,0,0,10,0,North,,,,30
20170912-03:00,,23,0,0,,84,,1010,0,0,26,0,0,4,,,,,,29
20170912-12:00,Clear,22,0,0,,55,,1004,0,0,30,0,0,10,0,North,,,,29
20170913-12:00,,24,0,0,,70,,1005,0,0,29,0,0,10,,,,,,25
20170914-03:00,,24,0,0,,86,,1009,0,0,25,0,0,4,270,West,,,,26
20170915-03:00,Clear,24,0,0,,90,,1008,0,0,25,0,0,4,270,West,,,0.0,25
20170915-12:00,Mostly Cloudy,25,0,0,,86,,1003,0,0,26,0,0,10,0,North,,,0.0,25
20170916-03:00,Mostly Cloudy,24,0,0,,86,,1007,0,0,25,0,0,4,270,West,,,,27
20170917-03:00,Mostly Cloudy,23,0,0,,86,,1006,0,0,24,0,0,4,0,North,,,,27
20170917-12:00,Mostly Cloudy,24,0,0,,78,,1001,0,0,27,0,0,10,0,North,,,,27
20170918-12:00,Mostly Cloudy,24,0,0,,80,,1003,0,0,27,0,0,10,0,North,,,20.4,29
20170919-03:00,Clear,22,0,0,,86,,1006,0,0,25,0,0,4,270,West,,,,29
20170919-12:00,Mostly Cloudy,23,0,0,,68,,1001,0,0,29,0,0,10,180,South,,,20.4,29
20170920-03:00,,24,0,0,,90,,1004,0,0,25,0,0,4,270,West,,,,27
20170920-12:00,Clear,23,0,0,,68,,1001,0,0,29,0,0,10,0,North,,,,27
20170921-03:00,Mostly Cloudy,24,0,0,,94,,1005,0,0,24,0,0,4,270,West,,,,28
20170921-12:00,Mostly Cloudy,24,0,0,,75,,1003,0,0,27,0,0,10,,,,,,28
20170922-12:00,,24,0,0,,73,,1004,0,0,28,0,0,10,0,North,,,0.0,29
20170923-03:00,,22,0,0,,88,,1010,0,0,23,0,0,4,270,West,,,,29
20170923-12:00,,24,0,0,,66,,1007,0,0,29,0,0,10,0,North,,,0.0,29
20170926-03:00,Clear,22,0,0,,81,,1010,0,0,24,0,0,4,270,West,,,,30
20170927-03:00,,22,0,0,,81,,1010,0,0,25,0,0,4,,,,,,30
20170927-12:00,,23,0,0,,57,,1005,0,0,30,0,0,10,,,,,,30
20170928-12:00,Clear,22,0,0,,54,,1004,0,0,30,0,0,10,180,South,,,,32
20170929-03:00,,24,0,0,,84,,1008,0,0,26,0,0,4,,,,,,32
20170929-12:00,Clear,22,0,0,,49,,1003,0,0,32,0,0,10,0,North,,,,32
20170930-03:00,,22,0,0,,79,,1009,0,0,25,0,0,4,,,,,,32
20170930-12:00,Clear,22,0,0,,48,,1004,0,0,32,0,0,10,0,North,,,,32
20171001-03:00,,23,0,0,,83,,1010,0,0,25,0,0,4,0,North,,,,25
20171001-12:00,,22,0,0,,45,,1005,0,0,32,0,0,10,,,,,0.0,25
20171002-03:00,,20,0,0,,68,,1009,0,0,25,0,0,4,0,North,,,,25
20171003-03:00,,21,0,0,,70,,1009,0,0,25,0,0,4,270,West,,,,23
20171004-03:00,,20,0,0,,75,,1010,0,0,23,0,0,4,270,West,,,,33
20171005-12:00,Clear,18,0,0,,32,,1004,0,0,33,0,0,10,0,North,,,,33
20171006-03:00,,20,0,0,,76,,1008,0,0,24,0,0,4,,,,,,32
20171006-12:00,Clear,22,0,0,,42,,1003,0,0,33,0,0,10,0,North,,,,32
20171007-03:00,,23,0,0,,76,,1008,0,0,26,0,0,4,,,,,,25
20171007-12:00,Mostly Cloudy,23,0,0,,51,,1003,0,0,32,0,0,10,0,North,,,,25
20171008-03:00,,23,0,0,,83,,1007,0,0,25,0,0,4,0,North,,,,27
20171009-03:00,,23,0,0,,87,,1007,0,0,24,0,0,4,270,West,,,,25
20171009-12:00,,24,0,0,,84,,1005,0,0,27,0,0,10,,,,,,25
20171010-03:00,,23,0,0,,88,,1008,0,0,25,0,0,4,270,West,,,,25
20171010-12:00,Mostly Cloudy,24,0,0,,89,,1003,0,0,25,0,0,10,180,South,,,,25
20171011-03:00,Mostly Cloudy,23,0,0,,87,,1006,0,0,25,0,0,4,270,West,,,,25
20171011-12:00,Overcast,23,0,0,,88,,1005,0,0,25,0,0,10,0,North,,,,25
20171012-03:00,,24,0,0,,96,,1006,0,0,24,0,0,4,,,,,,27
20171012-12:00,Mostly Cloudy,23,0,0,,86,,1005,0,0,25,0,0,10,0,North,,,,27
20171013-03:00,,24,0,0,,91,,1008,0,0,25,0,0,4,,,,,,29
20171013-12:00,Mostly Cloudy,24,0,0,,78,,1003,0,0,27,0,0,10,270,West,,,,29
20171014-03:00,,24,0,0,,96,,1008,0,0,24,0,0,4,270,West,,,,30
20171014-12:00,Clear,22,0,0,,58,,1004,0,0,29,0,0,10,0,North,,,,30
20171015-03:00,,24,0,0,,88,,1008,0,0,25,0,0,4,270,West,,,,29
20171015-12:00,,23,0,0,,58,,1004,0,0,30,0,0,10,,,,,,29
20171016-03:00,,22,0,0,,86,,1010,0,0,24,0,0,4,270,West,,,,29
20171016-12:00,,22,0,0,,57,,1005,0,0,29,0,0,10,180,South,,,,29
20171017-03:00,,19,0,0,,77,,1010,0,0,22,0,0,4,270,West,,,,30
20171017-12:00,,20,0,0,,49,,1005,0,0,29,0,0,10,180,South,,,0.0,30
20171020-03:00,,18,0,0,,78,,1009,0,0,21,0,0,4,,,,,,30
20171020-12:00,Clear,21,0,0,,51,,1005,0,0,30,0,0,10,0,North,,,,30
20171021-03:00,Clear,20,0,0,,53,,1009,0,0,28,0,0,4,270,West,,,,25
20171021-12:00,Clear,21,0,0,,49,,1004,0,0,30,0,0,10,90,East,,,,25
20171022-03:00,Clear,22,0,0,,81,,1010,0,0,25,0,0,4,0,North,,,,30
20171023-03:00,Clear,18,0,0,,71,,1012,0,0,21,0,0,4,270,West,,,,30
20171023-12:00,Clear,22,0,0,,52,,1008,0,0,30,0,0,10,0,North,,,,30
20171024-03:00,,14,0,0,,67,,1014,0,0,19,0,0,4,,,,,,29
20171024-12:00,,20,0,0,,46,,1008,0,0,30,0,0,10,0,North,,,,29
20171025-03:00,,14,0,0,,57,,1016,0,0,20,0,0,4,270,West,,,0.0,29
20171025-12:00,,17,0,0,,39,,1012,0,0,29,0,0,10,,,,,,29
20171026-03:00,,14,0,0,,72,,1016,0,0,19,0,0,4,270,West,,,,28
20171026-12:00,,19,0,0,,46,,1010,0,0,29,0,0,10,180,South,,,,28
20171027-03:00,Clear,14,0,0,,65,,1015,0,0,19,0,0,4,270,West,,,,28
20171027-12:00,Mostly Cloudy,16,0,0,,35,,1010,0,0,28,0,0,10,0,North,,,,28
20171028-03:00,Clear,16,0,0,,72,,1016,0,0,20,0,0,4,270,West,,,,28
20171028-12:00,,15,0,0,,34,,1011,0,0,28,0,0,10,,,,,,28
20171029-03:00,,14,0,0,,65,,1015,0,0,19,0,0,4,,,,,,28
20171029-12:00,Clear,15,0,0,,34,,1009,0,0,28,0,0,10,0,North,,,,28
20171030-12:00,,18,0,0,,42,,1010,0,0,28,0,0,10,,,,,,28
20171031-03:00,,14,0,0,,67,,1014,0,0,19,0,0,4,270,West,,,,28
20171031-12:00,Clear,15,0,0,,34,,1009,0,0,28,0,0,10,0,North,,,,28
20171101-03:00,,14,0,0,,74,,1016,0,0,17,0,0,4,,,,,0.0,17
20171101-12:00,,17,0,0,,39,,1010,0,0,28,0,0,10,180,South,,,,17
20171102-03:00,Clear,12,0,0,,66,,1016,0,0,17,0,0,4,270,West,,,0.0,28
20171103-03:00,,13,0,0,,71,,1015,0,0,17,0,0,4,,,,,,28
20171103-12:00,,16,0,0,,35,,1010,0,0,28,0,0,10,,,,,0.0,28
20171104-03:00,,13,0,0,,66,,1015,0,0,18,0,0,4,,,,,0.0,28
20171104-12:00,,14,0,0,,30,,1010,0,0,28,0,0,10,180,South,,,,28
20171105-03:00,Clear,14,0,0,,69,,1016,0,0,18,0,0,4,90,East,,,,29
20171105-12:00,,15,0,0,,35,,1010,0,0,28,0,0,10,,,,,,29
20171106-03:00,,14,0,0,,68,,1014,0,0,18,0,0,4,270,West,,,,28
20171106-12:00,Clear,17,0,0,,39,,1010,0,0,29,0,0,10,90,East,,,,28
20171107-03:00,Clear,14,0,0,,72,,1016,0,0,19,0,0,4,270,West,,,,28
20171107-12:00,Clear,18,0,0,,46,,1011,0,0,28,0,0,10,0,North,,,,28
20171108-12:00,,16,0,0,,38,,1010,0,0,28,0,0,10,,,,,,28
20171109-03:00,,14,0,0,,65,,1015,0,0,19,0,0,4,270,West,,,,28
20171109-12:00,,18,0,0,,46,,1011,0,0,28,0,0,10,0,North,,,,28
20171112-03:00,Clear,12,0,0,,65,,1015,0,0,17,0,0,4,270,West,,,,26
20171112-12:00,,18,0,0,,50,,1010,0,0,27,0,0,10,0,North,,,,26
20171113-12:00,Clear,14,0,0,,38,,1005,0,0,26,0,0,10,0,North,,,20.4,17
20171114-03:00,,12,0,0,,68,,1012,0,0,17,0,0,4,,,,,,27
20171115-03:00,Clear,13,0,0,,70,,1013,0,0,17,0,0,4,270,West,,,,27
20171115-12:00,Clear,15,0,0,,35,,1008,0,0,27,0,0,10,0,North,,,,27
20171116-03:00,,12,0,0,,67,,1013,0,0,17,0,0,4,270,West,,,,17
20171116-12:00,,13,0,0,,31,,1008,0,0,27,0,0,10,,,,,,17
20171119-03:00,,13,0,0,,61,,1015,0,0,18,0,0,4,270,West,,,,26
20171119-12:00,,16,0,0,,40,,1009,0,0,27,0,0,10,0,North,,,,26
20171120-03:00,,17,0,0,,71,,1016,0,0,21,0,0,4,270,West,,,,23
20171120-12:00,,19,0,0,,58,,1011,0,0,26,0,0,10,90,East,,,,23
20171121-03:00,Clear,18,0,0,,67,,1014,0,0,23,0,0,4,270,West,,,,28
20171122-03:00,Clear,19,0,0,,83,,1013,0,0,22,0,0,4,270,West,,,,28
20171122-12:00,,13,0,0,,27,,1009,0,0,28,0,0,10,,,,,,28
20171123-03:00,,15,0,0,,78,,1014,0,0,18,0,0,4,,,,,,18
20171123-12:00,,22,0,0,,59,,1008,0,0,28,0,0,10,,,,,,18
20171124-03:00,,16,0,0,,80,,1016,0,0,18,0,0,4,270,West,,,,17
20171125-03:00,,14,0,0,,74,,1016,0,0,17,0,0,4,270,West,,,,27
20171126-03:00,,13,0,0,,71,,1018,0,0,17,0,0,4,270,West,,,0.0,26
20171126-12:00,,16,0,0,,39,,1011,0,0,27,0,0,10,0,North,,,,26
20171127-03:00,,11,0,0,,67,,1016,0,0,16,0,0,4,270,West,,,0.0,26
20171127-12:00,,14,0,0,,38,,1011,0,0,26,0,0,10,180,South,,,,26
20171130-03:00,,11,0,0,,61,,1017,0,0,16,0,0,4,270,West,,,,26
20171130-12:00,,16,0,0,,42,,1010,0,0,27,0,0,10,,,,,,26
20171201-03:00,,11,0,0,,65,,1016,0,0,16,0,0,4,,,,,,27
20171201-12:00,Clear,16,0,0,,43,,1010,0,0,26,0,0,10,90,East,,,,27
20171202-03:00,,12,0,0,,65,,1016,0,0,17,0,0,4,0,North,,,,17
20171202-12:00,Clear,14,0,0,,36,,1010,0,0,27,0,0,10,180,South,,,,17
20171203-03:00,Clear,12,0,0,,66,,1016,0,0,17,0,0,4,0,North,,,,27
20171204-03:00,,14,0,0,,66,,1014,0,0,18,0,0,4,180,South,,,,19
20171204-12:00,,15,0,0,,38,,1008,0,0,27,0,0,10,180,South,,,,19
20171205-03:00,,15,0,0,,61,,1012,0,0,21,0,0,4,270,West,,,,27
20171205-12:00,Mostly Cloudy,17,0,0,,85,,1008,0,0,19,0,0,10,0,North,,,,27
20171206-03:00,,17,0,0,,76,,1010,0,0,20,0,0,4,270,West,,,,25
20171206-12:00,Clear,21,0,0,,62,,1001,0,0,27,0,0,10,0,North,,,,25
20171207-12:00,,20,0,0,,69,,1001,0,0,25,0,0,10,,,,,,28
20171208-03:00,Clear,18,0,0,,82,,1014,0,0,21,0,0,4,270,West,,,0.0,28
20171208-12:00,Clear,18,0,0,,47,,1010,0,0,28,0,0,10,180,South,,,,28
20171209-03:00,Clear,17,0,0,,76,,1015,0,0,20,0,0,4,270,West,,,,19
20171209-12:00,Clear,18,0,0,,44,,1009,0,0,28,0,0,10,0,North,,,,19
20171210-03:00,,15,0,0,,71,,1016,0,0,19,0,0,4,270,West,,,,28
20171211-12:00,,19,0,0,,48,,1011,0,0,28,0,0,10,0,North,,,,26
20171212-03:00,,14,0,0,,69,,1016,0,0,18,0,0,4,270,West,,,,25
20171212-12:00,,16,0,0,,42,,1011,0,0,26,0,0,10,270,West,,,,25
20171213-03:00,,14,0,0,,76,,1017,0,0,17,0,0,4,270,West,,,,26
20171213-12:00,,17,0,0,,51,,1011,0,0,25,0,0,10,180,South,,,,26
20171214-03:00,Clear,14,0,0,,74,,1018,0,0,17,0,0,4,270,West,,,,17
20171214-12:00,Clear,17,0,0,,51,,1011,0,0,26,0,0,10,270,West,,,,17
20171215-03:00,,14,0,0,,72,,1017,0,0,17,0,0,4,270,West,,,,27
20171216-03:00,Clear,16,0,0,,78,,1019,0,0,19,0,0,4,270,West,,,,27
20171216-12:00,,16,0,0,,44,,1014,0,0,27,0,0,10,180,South,,,,27
20171217-03:00,Clear,14,0,0,,73,,1020,0,0,18,0,0,4,0,North,,,0.0,25
20171217-12:00,Clear,12,0,0,,29,,1014,0,0,27,0,0,10,90,East,,,,25
20171218-03:00,,13,0,0,,62,,1021,0,0,18,0,0,4,270,West,,,0.0,25
20171218-12:00,Clear,14,0,0,,39,,1016,0,0,25,0,0,10,90,East,,,,25
20171219-03:00,,9,0,0,,59,,,0,0,15,0,0,4,,,,,,16
20171219-12:00,,9,0,0,,26,,1015,0,0,25,0,0,10,180,South,,,,16
20171220-03:00,Mostly Cloudy,10,0,0,,59,,1020,0,0,16,0,0,4,270,West,,,,27
20171221-03:00,,6,0,0,,45,,1021,0,0,14,0,0,4,270,West,,,0.0,25
20171221-12:00,,12,0,0,,28,,1015,0,0,27,0,0,10,180,South,,,,25
20171222-03:00,Clear,9,0,0,,52,,1020,0,0,16,0,0,4,270,West,,,0.0,14
20171222-12:00,,13,0,0,,37,,1014,0,0,25,0,0,10,180,South,,,,14
20171223-03:00,,10,0,0,,65,,1018,0,0,14,0,0,4,,,,,,26
20171224-03:00,,10,0,0,,70,,1016,0,0,15,0,0,4,,,,,,28
20171224-12:00,,14,0,0,,35,,1011,0,0,26,0,0,10,270,West,,,,28
20171225-03:00,,11,0,0,,68,,1017,0,0,15,0,0,4,270,West,,,0.0,25
20171225-12:00,Clear,15,0,0,,36,,1010,0,0,28,0,0,10,0,North,,,,25
20171226-12:00,,12,0,0,,35,,1013,0,0,25,0,0,10,,,,,,26
20171227-03:00,,8,0,0,,59,,1018,0,0,13,0,0,4,270,West,,,,26
20171227-12:00,,13,0,0,,32,,1013,0,0,26,0,0,10,,,,,0.0,26
20171228-03:00,,8,0,0,,59,,1017,0,0,13,0,0,4,270,West,,,,26
20171228-12:00,,10,0,0,,26,,1011,0,0,26,0,0,10,,,,,,26
20171229-03:00,,8,0,0,,63,,1016,0,0,13,0,0,4,270,West,,,,26
20171229-12:00,,10,0,0,,26,,1011,0,0,26,0,0,10,270,West,,,,26
20171230-03:00,Clear,8,0,0,,61,,1016,0,0,14,0,0,4,270,West,,,,26
20171230-12:00,,13,0,0,,35,,1011,0,0,26,0,0,10,180,South,,,,26
20171231-03:00,,9,0,0,,59,,1016,0,0,14,0,0,4,,,,,,25
20171231-12:00,Clear,13,0,0,,33,,1008,0,0,26,0,0,10,270,West,,,0.0,25
20180101-12:00,,14,0,0,,40,,1008,0,0,25,0,0,10,,,,,,25
20180102-12:00,Clear,14,0,0,,38,,1009,0,0,25,0,0,10,180,South,,,,25
20180103-03:00,,10,0,0,,70,,1017,0,0,14,0,0,4,,,,,0.0,25
20180103-12:00,,15,0,0,,42,,1010,0,0,25,0,0,10,,,,,,25
20180104-12:00,,13,0,0,,38,,1010,0,0,25,0,0,10,270,West,,,,26
20180105-03:00,,10,0,0,,65,,1015,0,0,15,0,0,4,270,West,,,0.0,14
20180105-12:00,Clear,14,0,0,,40,,1009,0,0,26,0,0,10,0,North,,,0.0,14
20180106-03:00,,9,0,0,,61,,1015,0,0,14,0,0,4,,,,,0.0,25
20180107-03:00,,9,0,0,,62,,1016,0,0,15,0,0,4,,,,,0.0,14
20180107-12:00,,13,0,0,,35,,1010,0,0,25,0,0,10,0,North,,,,14
20180108-03:00,Clear,12,0,0,,79,,1016,0,0,14,0,0,4,270,West,,,,26
20180109-03:00,Clear,9,0,0,,57,,1018,0,0,15,0,0,4,270,West,,,0.0,26
20180109-12:00,,12,0,0,,32,,1013,0,0,26,0,0,10,,,,,,26
20180110-03:00,,10,0,0,,63,,1020,0,0,15,0,0,4,,,,,,27
20180110-12:00,Clear,13,0,0,,34,,1013,0,0,26,0,0,10,180,South,,,,27
20180111-03:00,Clear,9,0,0,,60,,1018,0,0,15,0,0,4,270,West,,,0.0,28
20180111-12:00,,15,0,0,,38,,1012,0,0,27,0,0,10,,,,,,28
20180112-03:00,,10,0,0,,53,,1018,0,0,17,0,0,4,270,West,,,0.0,29
20180112-12:00,,16,0,0,,37,,1011,0,0,28,0,0,10,180,South,,,0.0,29
20180113-03:00,,12,0,0,,55,,1016,0,0,20,0,0,4,270,West,,,,30
20180113-12:00,,15,0,0,,32,,1011,0,0,29,0,0,10,0,North,,,0.0,30
20180114-03:00,,14,0,0,,56,,1016,0,0,20,0,0,4,270,West,,,0.0,29
20180114-12:00,,15,0,0,,31,,1010,0,0,30,0,0,10,270,West,,,0.0,29
20180115-12:00,,14,0,0,,31,,1011,0,0,29,0,0,10,0,North,,,,29
20180116-03:00,Clear,13,0,0,,62,,1016,0,0,19,0,0,4,270,West,,,,29
20180116-12:00,,12,0,0,,26,,1010,0,0,29,0,0,10,,,,,,29
20180117-03:00,Clear,12,0,0,,59,,,0,0,18,0,0,4,270,West,,,,28
20180117-12:00,,11,0,0,,23,,1009,0,0,29,0,0,10,,,,,,28
20180118-03:00,,13,0,0,,66,,1016,0,0,18,0,0,4,,,,,,28
20180118-12:00,Clear,15,0,0,,35,,1011,0,0,28,0,0,10,270,West,,,,28
20180119-12:00,,14,0,0,,31,,1011,0,0,28,0,0,10,,,,,,27
20180120-03:00,,10,0,0,,51,,1016,0,0,17,0,0,4,270,West,,,,28
20180120-12:00,,13,0,0,,31,,1011,0,0,27,0,0,10,90,East,,,,28
20180121-03:00,,9,0,0,,60,,1015,0,0,15,0,0,4,270,West,,,,29
20180121-12:00,,12,0,0,,26,,1008,0,0,28,0,0,4,0,North,,,0.0,29
20180121-13:00,,12,0,0,,26,,1008,0,0,28,0,0,4,0,North,,,0.0,29
20180122-03:00,,10,0,0,,60,,1013,0,0,16,0,0,4,270,West,,,0.0,27
20180122-12:00,,12,0,0,,25,,1007,0,0,29,0,0,10,,,,,0.0,27
20180123-03:00,Clear,11,0,0,,59,,1013,0,0,17,0,0,4,270,West,,,,25
20180123-12:00,,12,0,0,,27,,1007,0,0,27,0,0,10,90,East,,,,25
20180124-03:00,,9,0,0,,61,,1015,0,0,15,0,0,4,,,,,,13
20180124-12:00,Clear,13,0,0,,37,,1009,0,0,25,0,0,10,180,South,,,,13
20180125-03:00,Clear,5,0,0,,50,,1015,0,0,13,0,0,4,270,West,,,,14
20180126-03:00,Clear,6,0,0,,49,,1014,0,0,14,0,0,4,270,West,,,,27
20180127-03:00,,7,0,0,,54,,1015,0,0,14,0,0,4,270,West,,,,28
20180127-12:00,Clear,12,0,0,,29,,1009,0,0,27,0,0,10,0,North,,,,28
20180128-03:00,,7,0,0,,50,,1015,0,0,15,0,0,4,0,North,,,0.0,28
20180128-12:00,,13,0,0,,29,,1010,0,0,28,0,0,10,0,North,,,0.0,28
20180129-03:00,,9,0,0,,60,,1017,0,0,15,0,0,4,270,West,,,,16
20180129-12:00,,13,0,0,,28,,1011,0,0,28,0,0,10,,,,,0.0,16
20180130-03:00,,9,0,0,,55,,1018,0,0,16,0,0,4,270,West,,,,29
20180131-03:00,,8,0,0,,53,,1017,0,0,15,0,0,4,270,West,,,0.0,29
20180131-12:00,,10,0,0,,21,,1012,0,0,29,0,0,10,180,South,,,,29
20180201-12:00,,12,0,0,,24,,1011,0,0,29,0,0,10,,,,,,17
20180202-03:00,,8,0,0,,45,,1015,0,0,17,0,0,4,,,,,,30
20180203-03:00,,10,0,0,,55,,1015,0,0,17,0,0,4,,,,,,17
20180203-12:00,Clear,16,0,0,,31,,1008,0,0,30,0,0,10,180,South,,,,17
20180204-03:00,,9,0,0,,50,,1015,0,0,17,0,0,4,0,North,,,0.0,30
20180205-03:00,,10,0,0,,51,,1016,0,0,17,0,0,4,270,West,,,,30
20180205-12:00,,13,0,0,,26,,1010,0,0,30,0,0,10,90,East,,,,30
20180206-12:00,,14,0,0,,28,,1010,0,0,30,0,0,10,90,East,,,0.0,20
20180207-03:00,,14,0,0,,57,,1015,0,0,20,0,0,4,270,West,,,0.0,30
20180208-03:00,Clear,12,0,0,,63,,1015,0,0,18,0,0,4,270,West,,,,29
20180208-12:00,,21,0,0,,51,,1008,0,0,30,0,0,10,0,North,,,,29
20180209-03:00,,9,0,0,,52,,1015,0,0,16,0,0,4,,,,,,29
20180209-12:00,Clear,,0,0,,,,1010,0,0,29,0,0,10,0,North,,,0.0,29
20180210-03:00,Clear,10,0,0,,55,,1015,0,0,17,0,0,4,270,West,,,,30
20180210-12:00,Clear,14,0,0,,30,,1010,0,0,29,0,0,10,0,North,,,,30
20180211-03:00,,10,0,0,,45,,1015,0,0,20,0,0,4,270,West,,,,28
20180211-12:00,Clear,14,0,0,,28,,1009,0,0,30,0,0,10,0,North,,,,28
20180212-03:00,,11,0,0,,61,,1018,0,0,16,0,0,4,270,West,,,,29
20180212-12:00,,11,0,0,,25,,1013,0,0,28,0,0,10,0,North,,,,29
20180213-03:00,,10,0,0,,55,,1019,0,0,17,0,0,4,270,West,,,,27
20180213-12:00,,9,0,0,,20,,1013,0,0,29,0,0,10,0,North,,,,27
20180214-03:00,,15,0,0,,66,,1021,0,0,20,0,0,4,270,West,,,,29
20180214-12:00,,15,0,0,,38,,1015,0,0,27,0,0,10,180,South,,,,29
20180215-03:00,,11,0,0,,55,,1021,0,0,18,0,0,4,270,West,,,,31
20180215-12:00,,14,0,0,,30,,1015,0,0,29,0,0,10,270,West,,,,31
20180216-03:00,Clear,13,0,0,,64,,1021,0,0,18,0,0,4,90,East,,,,31
20180216-12:00,,23,0,0,,53,,1012,0,0,31,0,0,10,180,South,,,,31
20180217-03:00,,10,0,0,,53,,1016,0,0,17,0,0,4,,,,,,33
20180217-12:00,Clear,23,0,0,,50,,1008,0,0,31,0,0,10,180,South,,,,33
20180218-03:00,,10,0,0,,52,,1014,0,0,17,0,0,4,,,,,,33
20180218-12:00,Clear,24,0,0,,53,,1007,0,0,33,0,0,10,270,West,,,,33
20180219-03:00,,8,0,0,,46,,1014,0,0,16,0,0,4,0,North,,,,33
20180219-12:00,Clear,23,0,0,,46,,1008,0,0,33,0,0,10,270,West,,,,33
20180220-12:00,,23,0,0,,46,,1008,0,0,33,0,0,10,,,,,,
20180221-03:00,,10,0,0,,49,,1013,0,0,18,0,0,4,270,West,,,0.0,33
20180221-12:00,,15,0,0,,,,1006,0,0,,0,0,,30,NNE,,,70.4,33
20180222-12:00,,20,0,0,,36,,1005,0,0,33,0,0,10,90,East,,,0.0,34
20180223-12:00,,20,0,0,,33,,1005,0,0,34,0,0,10,,,,,0.0,35
20180224-03:00,,11,0,0,,39,,1013,0,0,22,0,0,4,270,West,,,,34
20180224-12:00,Clear,21,0,0,,34,,1008,0,0,35,0,0,10,270,West,,,,34
20180225-03:00,Clear,14,0,0,,55,,1016,0,0,21,0,0,4,270,West,,,,35
20180225-12:00,,26,0,0,,54,,1009,0,0,34,0,0,10,180,South,,,0.0,35
20180226-03:00,,16,0,0,,62,,1015,0,0,22,0,0,4,270,West,,,,35
20180226-12:00,Clear,23,0,0,,42,,1008,0,0,35,0,0,10,180,South,,,,35
20180227-03:00,Clear,15,0,0,,59,,1014,0,0,21,0,0,4,270,West,,,,34
20180227-12:00,Clear,19,0,0,,30,,1007,0,0,35,0,0,10,180,South,,,,34
20180228-03:00,,13,0,0,,50,,1014,0,0,21,0,0,4,270,West,,,,25
20180228-12:00,Clear,16,0,0,,25,,1007,0,0,34,0,0,10,180,South,,,,25
20180301-03:00,Clear,12,0,0,,44,,1014,0,0,21,0,0,4,270,West,,,,35
20180301-12:00,,18,0,0,,57,,1006,0,0,25,0,0,10,270,West,,,,35
20180302-03:00,,13,0,0,,49,,1012,0,0,22,0,0,4,180,South,,,0.0,36
20180302-12:00,,18,0,0,,28,,1006,0,0,35,0,0,10,270,West,,,,36
20180303-03:00,,11,0,0,,41,,1012,0,0,22,0,0,4,270,West,,,0.0,34
20180303-12:00,,17,0,0,,24,,1005,0,0,36,0,0,10,0,North,,,,34
20180304-03:00,,13,0,0,,47,,1011,0,0,22,0,0,4,270,West,,,,34
20180304-12:00,,15,0,0,,22,,1006,0,0,34,0,0,10,0,North,,,,34
20180305-03:00,,13,0,0,,47,,1012,0,0,22,0,0,4,270,West,,,,35
20180305-12:00,,14,0,0,,20,,1007,0,0,34,0,0,10,180,South,,,,35
20180306-03:00,Clear,12,0,0,,44,,1014,0,0,22,0,0,4,270,West,,,,35
20180306-12:00,,13,0,0,,18,,1007,0,0,35,0,0,10,,,,,,35
20180307-03:00,,13,0,0,,38,,1012,0,0,24,0,0,4,270,West,,,,35
20180307-12:00,,13,0,0,,18,,1006,0,0,35,0,0,10,,,,,,35
20180308-03:00,,12,0,0,,40,,1013,0,0,23,0,0,4,270,West,,,0.0,34
20180308-12:00,,14,0,0,,19,,1006,0,0,35,0,0,10,180,South,,,,34
20180309-12:00,,12,0,0,,18,,1007,0,0,34,0,0,10,90,East,,,0.0,35
20180310-03:00,,15,0,0,,42,,1013,0,0,25,0,0,4,270,West,,,,35
20180310-12:00,,13,0,0,,18,,1007,0,0,35,0,0,10,0,North,,,,35
20180311-12:00,,16,0,0,,22,,1007,0,0,35,0,0,10,180,South,,,0.0,35
20180312-03:00,,10,0,0,,40,,1012,0,0,21,0,0,4,,,,,,36
20180312-12:00,,9,0,0,,12,,1008,0,0,35,0,0,10,0,North,,,,36
20180313-03:00,Clear,10,0,0,,35,,1003,0,0,21,0,0,4,,,,,,34
20180313-12:00,,12,0,0,,16,,1005,0,0,36,0,0,10,0,North,,,,34
20180314-03:00,,12,0,0,,32,,1002,0,0,26,0,0,4,270,West,,,,23
20180314-12:00,,20,0,0,,33,,1006,0,0,34,0,0,10,0,North,,,,23
20180315-03:00,,10,0,0,,31,,1012,0,0,23,0,0,4,270,West,,,,33
20180316-12:00,,13,0,0,,21,,1006,0,0,33,0,0,10,90,East,,,,34
20180317-03:00,,13,0,0,,47,,1012,0,0,22,0,0,4,270,West,,,0.0,35
20180317-12:00,Clear,12,0,0,,18,,1006,0,0,34,0,0,10,,,,,0.0,35
20180318-03:00,,10,0,0,,34,,1012,0,0,23,0,0,4,,,,,0.0,35
20180318-12:00,,15,0,0,,22,,1006,0,0,35,0,0,10,180,South,,,0.0,35
20180319-03:00,,17,0,0,,48,,1013,0,0,25,0,0,4,270,West,,,0.0,35
20180319-12:00,Clear,16,0,0,,22,,1007,0,0,35,0,0,10,270,West,,,0.0,35
20180320-03:00,,12,0,0,,36,,1013,0,0,24,0,0,4,,,,,,34
20180320-12:00,,14,0,0,,18,,1007,0,0,35,0,0,10,0,North,,,,34
20180321-03:00,,11,0,0,,35,,1013,0,0,23,0,0,4,,,,,,34
20180321-12:00,,14,0,0,,21,,1006,0,0,34,0,0,10,0,North,,,,34
20180322-03:00,,10,0,0,,36,,1013,0,0,22,0,0,4,270,West,,,,33
20180322-12:00,Clear,12,0,0,,18,,1006,0,0,34,0,0,10,180,South,,,,33
20180323-03:00,Clear,12,0,0,,42,,1012,0,0,22,0,0,4,270,West,,,,36
20180323-12:00,Clear,11,0,0,,17,,1006,0,0,33,0,0,10,270,West,,,,36
20180324-03:00,,11,0,0,,41,,1014,0,0,22,0,0,4,270,West,,,0.0,37
20180324-12:00,,13,0,0,,16,,1008,0,0,36,0,0,10,180,South,,,,37
20180325-03:00,,10,0,0,,34,,1015,0,0,22,0,0,4,270,West,,,,37
20180325-12:00,,14,0,0,,16,,1009,0,0,37,0,0,10,270,West,,,0.0,37
20180326-12:00,,14,0,0,,17,,1007,0,0,37,0,0,10,0,North,,,,39
20180327-03:00,,11,0,0,,34,,1013,0,0,23,0,0,4,,,,,0.0,25
20180327-12:00,,12,0,0,,12,,1002,0,0,39,0,0,10,180,South,,,,25
20180328-03:00,,10,0,0,,30,,1011,0,0,25,0,0,4,,,,,,38
20180329-12:00,Clear,8,0,0,,9,,1004,0,0,38,0,0,10,180,South,,,,38
20180330-12:00,,9,0,0,,9,,1003,0,0,38,0,0,10,,,,,,37
20180331-03:00,,11,0,0,,29,,1009,0,0,26,0,0,4,270,West,,,,38
20180331-12:00,Clear,10,0,0,,12,,1003,0,0,37,0,0,10,0,North,,,,38
20180401-03:00,,14,0,0,,35,,1009,0,0,27,0,0,4,0,North,,,,27
20180401-12:00,,10,0,0,,10,,1002,0,0,38,0,0,4,,,,,,27
20180402-03:00,,12,0,0,,27,,1011,0,0,27,0,0,4,0,North,,,0.0,27
