{"response": {"version": "0.1", "termsofService": "http://www.wunderground.com/weather/api/d/terms.html", "features": {"history": 1}}, "history": {"date": {"pretty": "April 3, 2018", "year": "2018", "mon": "04", "mday": "03", "hour": "00", "min": "00", "tzname": "Asia/Kolkata"}, "utcdate": {"pretty": "April 2, 2018", "year": "2018", "mon": "04", "mday": "02", "hour": "18", "min": "30", "tzname": "UTC"}, "observations": [{"date": {"pretty": "12:00 AM IST on April 03, 2018", "year": "2018", "mon": "04", "mday": "03", "hour": "00", "min": "00", "tzname": "Asia/Kolkata"}, "utcdate": {"pretty": "6:30 PM GMT on April 02, 2018", "year": "2018", "mon": "04", "mday": "02", "hour": "18", "min": "30", "tzname": "UTC"}, "tempm": "29.0", "tempi": "84.2", "dewptm": "22.0", "dewpti": "71.6", "hum": "66", "wspdm": "5.6", "wspdi": "3.5", "wgustm": "-9999.0", "wgusti": "-9999.0", "wdird": "310", "wdire": "NW", "vism": "4.0", "visi": "2.5", "pressurem": "1010", "pressurei": "29.83", "windchillm": "-999", "windchilli": "-999", "heatindexm": "32.0", "heatindexi": "89.6", "precipm": "-9999.00", "precipi": "-9999.00", "conds": "Haze", "icon": "hazy", "fog": "0", "rain": "0", "snow": "0", "hail": "0", "thunder": "0", "tornado": "0", "metar": "METAR VABB 021830Z 31003KT 4000 HZ NSC 29/22 Q1010 NOSIG"}, {"date": {"pretty": "12:30 AM IST on April 03, 2018", "year": "2018", "mon": "04", "mday": "03", "hour": "00", "min": "30", "tzname": "Asia/Kolkata"}, "utcdate": {"pretty": "7:00 PM GMT on April 02, 2018", "year": "2018", "mon": "04", "mday": "02", "hour": "19", "min": "00", "tzname": "UTC"}, "tempm": "29.0", "tempi": "84.2", "dewptm": "22.0", "dewpti": "71.6", "hum": "66", "wspdm": "0.0", "wspdi": "0.0", "wgustm": "-9999.0", "wgusti": "-9999.0", "wdird": "0", "wdire": "North", "vism": "4.0", "visi": "2.5", "pressurem": "1010", "pressurei": "29.83", "windchillm": "-999", "windchilli": "-999", "heatindexm": "32.0", "heatindexi": "89.6", "precipm": "-9999.00", "precipi": "-9999.00", "conds": "Haze", "icon": "hazy", "fog": "0", "rain": "0", "snow": "0", "hail": "0", "thunder": "0", "tornado": "0", "metar": "METAR VABB 021900Z 00000KT 4000 HZ NSC 29/22 Q1010 NOSIG"}, {"date": {"pretty": "1:00 AM IST on April 03, 2018", "year": "2018", "mon": "04", "mday": "03", "hour": "01", "min": "00", "tzname": "Asia/Kolkata"}, "utcdate": {"pretty": "7:30 PM GMT on April 02, 2018", "year": "2018", "mon": "04", "mday": "02", "hour": "19", "min": "30", "tzname": "UTC"}, "tempm": "28.0", "tempi": "82.4", "dewptm": "21.0", "dewpti": "69.8", "hum": "66", "wspdm": "7.4", "wspdi": "4.6", "wgustm": "-9999.0", "wgusti": "-9999.0", "wdird": "240", "wdire": "WSW", "vism": "4.0", "visi": "2.5", "pressurem": "1010", "pressurei": "29.83", "windchillm": "-999", "windchilli": "-999", "heatindexm": "30.2", "heatindexi": "86.3", "precipm": "-9999.00", "precipi": "-9999.00", "conds": "Haze", "icon": "hazy", "fog": "0", "rain": "0", "snow": "0", "hail": "0", "thunder": "0", "tornado": "0", "metar": "METAR VABB 021930Z 24004KT 4000 HZ NSC 28/21 Q1010 NOSIG"}, {"date": {"pretty": "1:30 AM IST on April 03, 2018", "year": "2018", "mon": "04", "mday": "03", "hour": "01", "min": "30", "tzname": "Asia/Kolkata"}, "utcdate": {"pretty": "8:00 PM GMT on April 02, 2018", "year": "2018", "mon": "04", "mday": "02", "hour": "20", "min": "00", "tzname": "UTC"}, "tempm": "28.0", "tempi": "82.4", "dewptm": "22.0", "dewpti": "71.6", "hum": "70", "wspdm": "5.6", "wspdi": "3.5", "wgustm": "-9999.0", "wgusti": "-9999.0", "wdird": "280", "wdire": "West", "vism": "4.0", "visi": "2.5", "pressurem": "1010", "pressurei": "29.83", "windchillm": "-999", "windchilli": "-999", "heatindexm": "30.7", "heatindexi": "87.2", "precipm": "-9999.00", "precipi": "-9999.00", "conds": "Haze", "icon": "hazy", "fog": "0", "rain": "0", "snow": "0", "hail": "0", "thunder": "0", "tornado": "0", "metar": "METAR VABB 022000Z 28003KT 4000 HZ NSC 28/22 Q1010 NOSIG"}, {"date": {"pretty": "2:00 AM IST on April 03, 2018", "year": "2018", "mon": "04", "mday": "03", "hour": "02", "min": "00", "tzname": "Asia/Kolkata"}, "utcdate": {"pretty": "8:30 PM GMT on April 02, 2018", "year": "2018", "mon": "04", "mday": "02", "hour": "20", "min": "30", "tzname": "UTC"}, "tempm": "28.0", "tempi": "82.4", "dewptm": "22.0", "dewpti": "71.6", "hum": "70", "wspdm": "5.6", "wspdi": "3.5", "wgustm": "-9999.0", "wgusti": "-9999.0", "wdird": "290", "wdire": "WNW", "vism": "4.0", "visi": "2.5", "pressurem": "1009", "pressurei": "29.80", "windchillm": "-999", "windchilli": "-999", "heatindexm": "30.7", "heatindexi": "87.2", "precipm": "-9999.00", "precipi": "-9999.00", "conds": "Haze", "icon": "hazy", "fog": "0", "rain": "0", "snow": "0", "hail": "0", "thunder": "0", "tornado": "0", "metar": "METAR VABB 022030Z 29003KT 4000 HZ NSC 28/22 Q1009 NOSIG"}, {"date": {"pretty": "2:30 AM IST on April 03, 2018", "year": "2018", "mon": "04", "mday": "03", "hour": "02", "min": "30", "tzname": "Asia/Kolkata"}, "utcdate": {"pretty": "9:00 PM GMT on April 02, 2018", "year": "2018", "mon": "04", "mday": "02", "hour": "21", "min": "00", "tzname": "UTC"}, "tempm": "24", "tempi": "76", "dewptm": "22", "dewpti": "72", "hum": "86", "wspdm": "0.0", "wspdi": "0.0", "wgustm": "", "wgusti": "", "wdird": "", "wdire": "", "vism": "2", "visi": "1", "pressurem": "1009", "pressurei": "29.81", "windchillm": "-999", "windchilli": "-999", "heatindexm": "-9999", "heatindexi": "-9999", "precipm": "", "precipi": "", "conds": "Haze", "icon": "hazy", "fog": "0", "rain": "0", "snow": "0", "hail": "0", "thunder": "0", "tornado": "0", "metar": "AAXX 02214 43003 31995 00000 10244 20225 40094 70500 333 58007"}, {"date": {"pretty": "3:00 AM IST on April 03, 2018", "year": "2018", "mon": "04", "mday": "03", "hour": "03", "min": "00", "tzname": "Asia/Kolkata"}, "utcdate": {"pretty": "9:30 PM GMT on April 02, 2018", "year": "2018", "mon": "04", "mday": "02", "hour": "21", "min": "30", "tzname": "UTC"}, "tempm": "27.0", "tempi": "80.6", "dewptm": "23.0", "dewpti": "73.4", "hum": "79", "wspdm": "7.4", "wspdi": "4.6", "wgustm": "-9999.0", "wgusti": "-9999.0", "wdird": "310", "wdire": "NW", "vism": "4.0", "visi": "2.5", "pressurem": "1009", "pressurei": "29.80", "windchillm": "-999", "windchilli": "-999", "heatindexm": "29.6", "heatindexi": "85.4", "precipm": "-9999.00", "precipi": "-9999.00", "conds": "Haze", "icon": "hazy", "fog": "0", "rain": "0", "snow": "0", "hail": "0", "thunder": "0", "tornado": "0", "metar": "METAR VABB 022130Z 31004KT 4000 HZ NSC 27/23 Q1009 NOSIG"}, {"date": {"pretty": "3:30 AM IST on April 03, 2018", "year": "2018", "mon": "04", "mday": "03", "hour": "03", "min": "30", "tzname": "Asia/Kolkata"}, "utcdate": {"pretty": "10:00 PM GMT on April 02, 2018", "year": "2018", "mon": "04", "mday": "02", "hour": "22", "min": "00", "tzname": "UTC"}, "tempm": "27.0", "tempi": "80.6", "dewptm": "23.0", "dewpti": "73.4", "hum": "79", "wspdm": "5.6", "wspdi": "3.5", "wgustm": "-9999.0", "wgusti": "-9999.0", "wdird": "310", "wdire": "NW", "vism": "4.0", "visi": "2.5", "pressurem": "1009", "pressurei": "29.80", "windchillm": "-999", "windchilli": "-999", "heatindexm": "29.6", "heatindexi": "85.4", "precipm": "-9999.00", "precipi": "-9999.00", "conds": "Haze", "icon": "hazy", "fog": "0", "rain": "0", "snow": "0", "hail": "0", "thunder": "0", "tornado": "0", "metar": "METAR VABB 022200Z 31003KT 4000 HZ NSC 27/23 Q1009 NOSIG"}, {"date": {"pretty": "4:00 AM IST on April 03, 2018", "year": "2018", "mon": "04", "mday": "03", "hour": "04", "min": "00", "tzname": "Asia/Kolkata"}, "utcdate": {"pretty": "10:30 PM GMT on April 02, 2018", "year": "2018", "mon": "04", "mday": "02", "hour": "22", "min": "30", "tzname": "UTC"}, "tempm": "27.0", "tempi": "80.6", "dewptm": "23.0", "dewpti": "73.4", "hum": "79", "wspdm": "0.0", "wspdi": "0.0", "wgustm": "-9999.0", "wgusti": "-9999.0", "wdird": "0", "wdire": "North", "vism": "4.0", "visi": "2.5", "pressurem": "1009", "pressurei": "29.80", "windchillm": "-999", "windchilli": "-999", "heatindexm": "29.6", "heatindexi": "85.4", "precipm": "-9999.00", "precipi": "-9999.00", "conds": "Mist", "icon": "hazy", "fog": "0", "rain": "0", "snow": "0", "hail": "0", "thunder": "0", "tornado": "0", "metar": "METAR VABB 022230Z 00000KT 4000 BR NSC 27/23 Q1009 NOSIG"}, {"date": {"pretty": "4:30 AM IST on April 03, 2018", "year": "2018", "mon": "04", "mday": "03", "hour": "04", "min": "30", "tzname": "Asia/Kolkata"}, "utcdate": {"pretty": "11:00 PM GMT on April 02, 2018", "year": "2018", "mon": "04", "mday": "02", "hour": "23", "min": "00", "tzname": "UTC"}, "tempm": "27.0", "tempi": "80.6", "dewptm": "23.0", "dewpti": "73.4", "hum": "79", "wspdm": "9.3", "wspdi": "5.8", "wgustm": "-9999.0", "wgusti": "-9999.0", "wdird": "60", "wdire": "ENE", "vism": "4.0", "visi": "2.5", "pressurem": "1009", "pressurei": "29.80", "windchillm": "-999", "windchilli": "-999", "heatindexm": "29.6", "heatindexi": "85.4", "precipm": "-9999.00", "precipi": "-9999.00", "conds": "Mist", "icon": "hazy", "fog": "0", "rain": "0", "snow": "0", "hail": "0", "thunder": "0", "tornado": "0", "metar": "METAR VABB 022300Z 06005KT 4000 BR NSC 27/23 Q1009 NOSIG"}, {"date": {"pretty": "5:30 AM IST on April 03, 2018", "year": "2018", "mon": "04", "mday": "03", "hour": "05", "min": "30", "tzname": "Asia/Kolkata"}, "utcdate": {"pretty": "12:00 AM GMT on April 03, 2018", "year": "2018", "mon": "04", "mday": "03", "hour": "00", "min": "00", "tzname": "UTC"}, "tempm": "24", "tempi": "75", "dewptm": "22", "dewpti": "71", "hum": "83", "wspdm": "0.0", "wspdi": "0.0", "wgustm": "", "wgusti": "", "wdird": "", "wdire": "", "vism": "2", "visi": "1", "pressurem": "1009", "pressurei": "29.79", "windchillm": "-999", "windchilli": "-999", "heatindexm": "-9999", "heatindexi": "-9999", "precipm": "", "precipi": "", "conds": "Haze", "icon": "hazy", "fog": "0", "rain": "0", "snow": "0", "hail": "0", "thunder": "0", "tornado": "0", "metar": "AAXX 03004 43003 31995 00000 10240 20216 40088 70500 333 58005"}, {"date": {"pretty": "5:30 AM IST on April 03, 2018", "year": "2018", "mon": "04", "mday": "03", "hour": "05", "min": "30", "tzname": "Asia/Kolkata"}, "utcdate": {"pretty": "12:00 AM GMT on April 03, 2018", "year": "2018", "mon": "04", "mday": "03", "hour": "00", "min": "00", "tzname": "UTC"}, "tempm": "27.0", "tempi": "80.6", "dewptm": "22.0", "dewpti": "71.6", "hum": "74", "wspdm": "5.6", "wspdi": "3.5", "wgustm": "-9999.0", "wgusti": "-9999.0", "wdird": "50", "wdire": "NE", "vism": "4.0", "visi": "2.5", "pressurem": "1009", "pressurei": "29.80", "windchillm": "-999", "windchilli": "-999", "heatindexm": "29.2", "heatindexi": "84.6", "precipm": "-9999.00", "precipi": "-9999.00", "conds": "Mist", "icon": "hazy", "fog": "0", "rain": "0", "snow": "0", "hail": "0", "thunder": "0", "tornado": "0", "metar": "METAR VABB 030000Z 05003KT 4000 BR NSC 27/22 Q1009 NOSIG"}, {"date": {"pretty": "6:00 AM IST on April 03, 2018", "year": "2018", "mon": "04", "mday": "03", "hour": "06", "min": "00", "tzname": "Asia/Kolkata"}, "utcdate": {"pretty": "12:30 AM GMT on April 03, 2018", "year": "2018", "mon": "04", "mday": "03", "hour": "00", "min": "30", "tzname": "UTC"}, "tempm": "27.0", "tempi": "80.6", "dewptm": "22.0", "dewpti": "71.6", "hum": "74", "wspdm": "0.0", "wspdi": "0.0", "wgustm": "-9999.0", "wgusti": "-9999.0", "wdird": "0", "wdire": "North", "vism": "4.0", "visi": "2.5", "pressurem": "1009", "pressurei": "29.80", "windchillm": "-999", "windchilli": "-999", "heatindexm": "29.2", "heatindexi": "84.6", "precipm": "-9999.00", "precipi": "-9999.00", "conds": "Haze", "icon": "hazy", "fog": "0", "rain": "0", "snow": "0", "hail": "0", "thunder": "0", "tornado": "0", "metar": "METAR VABB 030030Z 00000KT 4000 HZ NSC 27/22 Q1009 NOSIG"}, {"date": {"pretty": "6:30 AM IST on April 03, 2018", "year": "2018", "mon": "04", "mday": "03", "hour": "06", "min": "30", "tzname": "Asia/Kolkata"}, "utcdate": {"pretty": "1:00 AM GMT on April 03, 2018", "year": "2018", "mon": "04", "mday": "03", "hour": "01", "min": "00", "tzname": "UTC"}, "tempm": "27.0", "tempi": "80.6", "dewptm": "21.0", "dewpti": "69.8", "hum": "70", "wspdm": "0.0", "wspdi": "0.0", "wgustm": "-9999.0", "wgusti": "-9999.0", "wdird": "0", "wdire": "North", "vism": "4.0", "visi": "2.5", "pressurem": "1009", "pressurei": "29.80", "windchillm": "-999", "windchilli": "-999", "heatindexm": "28.9", "heatindexi": "83.9", "precipm": "-9999.00", "precipi": "-9999.00", "conds": "Haze", "icon": "hazy", "fog": "0", "rain": "0", "snow": "0", "hail": "0", "thunder": "0", "tornado": "0", "metar": "METAR VABB 030100Z 00000KT 4000 HZ NSC 27/21 Q1009 NOSIG"}, {"date": {"pretty": "7:00 AM IST on April 03, 2018", "year": "2018", "mon": "04", "mday": "03", "hour": "07", "min": "00", "tzname": "Asia/Kolkata"}, "utcdate": {"pretty": "1:30 AM GMT on April 03, 2018", "year": "2018", "mon": "04", "mday": "03", "hour": "01", "min": "30", "tzname": "UTC"}, "tempm": "26.0", "tempi": "78.8", "dewptm": "22.0", "dewpti": "71.6", "hum": "78", "wspdm": "5.6", "wspdi": "3.5", "wgustm": "-9999.0", "wgusti": "-9999.0", "wdird": "90", "wdire": "East", "vism": "4.0", "visi": "2.5", "pressurem": "1009", "pressurei": "29.80", "windchillm": "-999", "windchilli": "-999", "heatindexm": "-9999", "heatindexi": "-9999", "precipm": "-9999.00", "precipi": "-9999.00", "conds": "Haze", "icon": "hazy", "fog": "0", "rain": "0", "snow": "0", "hail": "0", "thunder": "0", "tornado": "0", "metar": "METAR VABB 030130Z 09003KT 4000 HZ NSC 26/22 Q1009 NOSIG"}, {"date": {"pretty": "8:00 AM IST on April 03, 2018", "year": "2018", "mon": "04", "mday": "03", "hour": "08", "min": "00", "tzname": "Asia/Kolkata"}, "utcdate": {"pretty": "2:30 AM GMT on April 03, 2018", "year": "2018", "mon": "04", "mday": "03", "hour": "02", "min": "30", "tzname": "UTC"}, "tempm": "27.0", "tempi": "80.6", "dewptm": "21.0", "dewpti": "69.8", "hum": "70", "wspdm": "0.0", "wspdi": "0.0", "wgustm": "-9999.0", "wgusti": "-9999.0", "wdird": "0", "wdire": "North", "vism": "3.5", "visi": "2.2", "pressurem": "1010", "pressurei": "29.83", "windchillm": "-999", "windchilli": "-999", "heatindexm": "28.9", "heatindexi": "83.9", "precipm": "-9999.00", "precipi": "-9999.00", "conds": "Haze", "icon": "hazy", "fog": "0", "rain": "0", "snow": "0", "hail": "0", "thunder": "0", "tornado": "0", "metar": "METAR VABB 030230Z 00000KT 3500 HZ NSC 27/21 Q1010 BECMG 3000 HZ"}, {"date": {"pretty": "8:30 AM IST on April 03, 2018", "year": "2018", "mon": "04", "mday": "03", "hour": "08", "min": "30", "tzname": "Asia/Kolkata"}, "utcdate": {"pretty": "3:00 AM GMT on April 03, 2018", "year": "2018", "mon": "04", "mday": "03", "hour": "03", "min": "00", "tzname": "UTC"}, "tempm": "26", "tempi": "79", "dewptm": "22", "dewpti": "72", "hum": "73", "wspdm": "0.0", "wspdi": "0.0", "wgustm": "", "wgusti": "", "wdird": "", "wdire": "", "vism": "2", "visi": "1", "pressurem": "1011", "pressurei": "29.85", "windchillm": "-999", "windchilli": "-999", "heatindexm": "-9999", "heatindexi": "-9999", "precipm": "", "precipi": "", "conds": "Haze", "icon": "hazy", "fog": "0", "rain": "0", "snow": "0", "hail": "0", "thunder": "0", "tornado": "0", "metar": "AAXX 03034 43003 31995 00000 10260 20221 40107 70500 333 20220 58005 555 10000"}, {"date": {"pretty": "8:30 AM IST on April 03, 2018", "year": "2018", "mon": "04", "mday": "03", "hour": "08", "min": "30", "tzname": "Asia/Kolkata"}, "utcdate": {"pretty": "3:00 AM GMT on April 03, 2018", "year": "2018", "mon": "04", "mday": "03", "hour": "03", "min": "00", "tzname": "UTC"}, "tempm": "29.0", "tempi": "84.2", "dewptm": "21.0", "dewpti": "69.8", "hum": "62", "wspdm": "0.0", "wspdi": "0.0", "wgustm": "-9999.0", "wgusti": "-9999.0", "wdird": "0", "wdire": "North", "vism": "3.0", "visi": "1.9", "pressurem": "1011", "pressurei": "29.86", "windchillm": "-999", "windchilli": "-999", "heatindexm": "31.3", "heatindexi": "88.4", "precipm": "-9999.00", "precipi": "-9999.00", "conds": "Haze", "icon": "hazy", "fog": "0", "rain": "0", "snow": "0", "hail": "0", "thunder": "0", "tornado": "0", "metar": "METAR VABB 030300Z 00000KT 3000 HZ NSC 29/21 Q1011 NOSIG"}, {"date": {"pretty": "9:00 AM IST on April 03, 2018", "year": "2018", "mon": "04", "mday": "03", "hour": "09", "min": "00", "tzname": "Asia/Kolkata"}, "utcdate": {"pretty": "3:30 AM GMT on April 03, 2018", "year": "2018", "mon": "04", "mday": "03", "hour": "03", "min": "30", "tzname": "UTC"}, "tempm": "29.0", "tempi": "84.2", "dewptm": "19.0", "dewpti": "66.2", "hum": "55", "wspdm": "7.4", "wspdi": "4.6", "wgustm": "-9999.0", "wgusti": "-9999.0", "wdird": "320", "wdire": "NW", "vism": "3.0", "visi": "1.9", "pressurem": "1011", "pressurei": "29.86", "windchillm": "-999", "windchilli": "-999", "heatindexm": "30.3", "heatindexi": "86.6", "precipm": "-9999.00", "precipi": "-9999.00", "conds": "Smoke", "icon": "hazy", "fog": "0", "rain": "0", "snow": "0", "hail": "0", "thunder": "0", "tornado": "0", "metar": "METAR VABB 030330Z 32004KT 3000 FU NSC 29/19 Q1011 NOSIG"}, {"date": {"pretty": "9:30 AM IST on April 03, 2018", "year": "2018", "mon": "04", "mday": "03", "hour": "09", "min": "30", "tzname": "Asia/Kolkata"}, "utcdate": {"pretty": "4:00 AM GMT on April 03, 2018", "year": "2018", "mon": "04", "mday": "03", "hour": "04", "min": "00", "tzname": "UTC"}, "tempm": "31.0", "tempi": "87.8", "dewptm": "17.0", "dewpti": "62.6", "hum": "43", "wspdm": "5.6", "wspdi": "3.5", "wgustm": "-9999.0", "wgusti": "-9999.0", "wdird": "20", "wdire": "NNE", "vism": "3.0", "visi": "1.9", "pressurem": "1011", "pressurei": "29.86", "windchillm": "-999", "windchilli": "-999", "heatindexm": "31.4", "heatindexi": "88.5", "precipm": "-9999.00", "precipi": "-9999.00", "conds": "Smoke", "icon": "hazy", "fog": "0", "rain": "0", "snow": "0", "hail": "0", "thunder": "0", "tornado": "0", "metar": "METAR VABB 030400Z 02003KT 3000 FU NSC 31/17 Q1011 NOSIG"}, {"date": {"pretty": "10:30 AM IST on April 03, 2018", "year": "2018", "mon": "04", "mday": "03", "hour": "10", "min": "30", "tzname": "Asia/Kolkata"}, "utcdate": {"pretty": "5:00 AM GMT on April 03, 2018", "year": "2018", "mon": "04", "mday": "03", "hour": "05", "min": "00", "tzname": "UTC"}, "tempm": "33.0", "tempi": "91.4", "dewptm": "15.0", "dewpti": "59.0", "hum": "34", "wspdm": "11.1", "wspdi": "6.9", "wgustm": "-9999.0", "wgusti": "-9999.0", "wdird": "20", "wdire": "NNE", "vism": "4.0", "visi": "2.5", "pressurem": "1011", "pressurei": "29.86", "windchillm": "-999", "windchilli": "-999", "heatindexm": "32.6", "heatindexi": "90.7", "precipm": "-9999.00", "precipi": "-9999.00", "conds": "Smoke", "icon": "hazy", "fog": "0", "rain": "0", "snow": "0", "hail": "0", "thunder": "0", "tornado": "0", "metar": "METAR VABB 030500Z 02006KT 4000 FU NSC 33/15 Q1011 BECMG 5000 FU"}], "dailysummary": [{"date": {"pretty": "12:00 AM IST on April 03, 2018", "year": "2018", "mon": "04", "mday": "03", "hour": "00", "min": "00", "tzname": "Asia/Kolkata"}, "fog": "0", "rain": "0", "snow": "0", "snowfallm": "", "snowfalli": "", "monthtodatesnowfallm": "", "monthtodatesnowfalli": "", "since1julsnowfallm": "", "since1julsnowfalli": "", "snowdepthm": "", "snowdepthi": "", "hail": "0", "thunder": "0", "tornado": "0", "meantempm": "26", "meantempi": "79", "meandewptm": "21", "meandewpti": "70", "meanpressurem": "1009.71", "meanpressurei": "29.82", "meanwindspdm": "4", "meanwindspdi": "2", "meanwdire": "NNW", "meanwdird": "337", "meanvism": "3.5", "meanvisi": "2.2", "humidity": "69", "maxtempm": "33", "maxtempi": "91", "mintempm": "22", "mintempi": "71", "maxhumidity": "86", "minhumidity": "34", "maxdewptm": "23", "maxdewpti": "73", "mindewptm": "15", "mindewpti": "59", "maxpressurem": "1011", "maxpressurei": "29.86", "minpressurem": "1009", "minpressurei": "29.79", "maxwspdm": "11", "maxwspdi": "7", "minwspdm": "0", "minwspdi": "0", "maxvism": "4.0", "maxvisi": "2.5", "minvism": "2.0", "minvisi": "1.0", "gdegreedays": "29", "heatingdegreedays": "0", "coolingdegreedays": "14", "precipm": "0.0", "precipi": "0.00", "precipsource": "3Or6HourObs", "heatingdegreedaysnormal": "", "monthtodateheatingdegreedays": "", "monthtodateheatingdegreedaysnormal": "", "since1sepheatingdegreedays": "", "since1sepheatingdegreedaysnormal": "", "since1julheatingdegreedays": "", "since1julheatingdegreedaysnormal": "", "coolingdegreedaysnormal": "", "monthtodatecoolingdegreedays": "", "monthtodatecoolingdegreedaysnormal": "", "since1sepcoolingdegreedays": "", "since1sepcoolingdegreedaysnormal": "", "since1jancoolingdegreedays": "", "since1jancoolingdegreedaysnormal": ""}]}}